https://58.253.152.153:9999,9999,广东揭阳,高匿,HTTP,19-09-25 21:20
https://110.86.139.173:9999,9999,福建宁德,高匿,HTTP,19-09-25 21:20
https://1.197.203.66:9999,9999,河南济源,高匿,HTTPS,19-09-25 21:20
https://175.148.75.101:1133,1133,辽宁葫芦岛,高匿,HTTPS,19-09-25 21:20
https://49.89.85.171:33726,33726,江苏宿迁,高匿,HTTPS,19-09-25 21:20
https://110.86.139.70:9999,9999,福建宁德,高匿,HTTP,19-09-25 21:20
https://122.230.43.41:9999,9999,浙江湖州,高匿,HTTPS,19-09-25 21:00
https://27.154.34.146:31527,31527,福建厦门,高匿,HTTPS,19-09-25 21:00
https://1.198.73.36:9999,9999,河南,高匿,HTTP,19-09-25 21:00
https://123.101.110.67:9999,9999,河南郑州,高匿,HTTPS,19-09-25 21:00
https://163.204.246.103:9999,9999,广东,高匿,HTTP,19-09-25 21:00
https://171.12.113.133:9999,9999,河南,高匿,HTTPS,19-09-25 21:00
https://110.86.137.194:9999,9999,福建宁德,高匿,HTTPS,19-09-25 21:00
https://222.89.32.172:9999,9999,河南济源,高匿,HTTPS,19-09-25 20:20
https://114.239.251.69:9999,9999,江苏宿迁市泗阳县,高匿,HTTP,19-09-25 20:20
https://1.197.204.30:9999,9999,河南济源,高匿,HTTPS,19-09-25 20:20
https://27.159.164.23:9999,9999,福建莆田,高匿,HTTP,19-09-25 20:20
https://27.159.167.199:9999,9999,福建莆田,高匿,HTTP,19-09-25 20:20
https://1.199.31.115:9999,9999,河南漯河,高匿,HTTP,19-09-25 20:20
https://1.199.31.118:9999,9999,河南漯河,高匿,HTTP,19-09-25 20:20
https://222.189.244.181:9999,9999,江苏扬州,高匿,HTTPS,19-09-25 20:00
https://112.87.69.239:9999,9999,江苏宿迁,高匿,HTTPS,19-09-25 20:00
https://1.197.204.187:9999,9999,河南济源,高匿,HTTP,19-09-25 20:00
https://27.159.166.152:9999,9999,福建莆田,高匿,HTTP,19-09-25 19:20
https://27.43.187.156:9999,9999,广东梅州,高匿,HTTP,19-09-25 19:20
https://27.159.166.142:9999,9999,福建莆田,高匿,HTTP,19-09-25 19:20
https://27.159.166.12:9999,9999,福建莆田,高匿,HTTP,19-09-25 19:20
https://119.120.77.179:9999,9999,广东中山,高匿,HTTP,19-09-25 19:20
https://113.194.30.2:9999,9999,江西,高匿,HTTP,19-09-25 19:20
https://1.197.178.153:36510,36510,河南南阳,高匿,HTTPS,19-09-25 19:20
https://1.197.203.252:9999,9999,河南济源,高匿,HTTP,19-09-25 19:20
https://171.35.167.93:9999,9999,江西,高匿,HTTPS,19-09-25 19:00
https://27.159.167.237:9999,9999,福建莆田,高匿,HTTPS,19-09-25 19:00
https://113.194.50.95:9999,9999,江西,高匿,HTTPS,19-09-25 19:00
https://120.83.108.173:9999,9999,广东揭阳市普宁,高匿,HTTP,19-09-25 18:21
https://110.86.136.4:9999,9999,福建宁德,高匿,HTTP,19-09-25 18:21
https://171.12.41.199:9999,9999,河南,高匿,HTTP,19-09-25 18:21
https://112.85.169.227:9999,9999,江苏南通,高匿,HTTP,19-09-25 18:21
https://120.83.121.215:9999,9999,广东揭阳,高匿,HTTP,19-09-25 18:20
https://123.163.96.28:9999,9999,河南洛阳,高匿,HTTPS,19-09-25 18:20
https://125.123.124.0:9999,9999,浙江嘉兴市桐乡,高匿,HTTP,19-09-25 18:20
https://182.107.177.41:9999,9999,江西,高匿,HTTP,19-09-25 18:20
https://125.123.67.85:9999,9999,浙江嘉兴,高匿,HTTP,19-09-25 18:20
https://1.197.203.179:9999,9999,河南济源,高匿,HTTP,19-09-25 18:00
https://42.238.88.88:9999,9999,河南,高匿,HTTP,19-09-25 17:21
https://59.57.149.108:9999,9999,福建厦门,高匿,HTTP,19-09-25 17:21
https://171.11.178.183:9999,9999,河南,高匿,HTTP,19-09-25 17:20
https://120.83.108.12:9999,9999,广东揭阳市普宁,高匿,HTTP,19-09-25 17:00
https://59.57.149.179:9999,9999,福建厦门,高匿,HTTP,19-09-25 16:21
https://125.123.67.123:9999,9999,浙江嘉兴,高匿,HTTP,19-09-25 16:20
https://163.204.245.131:9999,9999,广东,高匿,HTTP,19-09-25 16:20
https://27.159.165.75:9999,9999,福建莆田,高匿,HTTP,19-09-25 16:20
https://27.159.164.230:9999,9999,福建莆田,高匿,HTTP,19-09-25 16:20
https://125.123.120.246:9999,9999,浙江嘉兴市桐乡,高匿,HTTPS,19-09-25 16:00
https://120.83.104.250:9999,9999,广东揭阳,高匿,HTTP,19-09-25 16:00
https://123.101.67.46:9999,9999,河南郑州,高匿,HTTPS,19-09-25 15:20
https://27.152.91.193:9999,9999,福建泉州,高匿,HTTP,19-09-25 15:20
https://110.86.137.151:9999,9999,福建宁德,高匿,HTTP,19-09-25 15:20
https://110.86.137.201:9999,9999,福建宁德,高匿,HTTP,19-09-25 15:20
https://110.86.137.154:9999,9999,福建宁德,高匿,HTTP,19-09-25 15:20
https://120.83.107.242:9999,9999,广东揭阳市普宁,高匿,HTTP,19-09-25 15:20
https://113.120.39.225:9999,9999,山东济南,高匿,HTTP,19-09-25 15:20
https://110.86.137.84:9999,9999,福建宁德,高匿,HTTP,19-09-25 15:20
https://171.11.29.252:9999,9999,河南,高匿,HTTP,19-09-25 15:20
https://110.86.137.102:9999,9999,福建宁德,高匿,HTTP,19-09-25 15:20
https://125.123.127.144:9999,9999,浙江嘉兴市桐乡,高匿,HTTPS,19-09-25 15:00
https://120.83.105.127:9999,9999,广东揭阳,高匿,HTTP,19-09-25 15:00
https://171.13.137.176:9999,9999,河南,高匿,HTTPS,19-09-25 15:00
https://42.238.87.254:9999,9999,河南,高匿,HTTP,19-09-25 14:00
https://1.197.16.69:9999,9999,河南许昌,高匿,HTTPS,19-09-25 14:00
https://123.163.122.124:9999,9999,河南洛阳,高匿,HTTPS,19-09-25 14:00
https://27.152.90.161:9999,9999,福建泉州,高匿,HTTPS,19-09-25 14:00
https://27.204.117.154:9999,9999,山东滨州,高匿,HTTP,19-09-25 13:21
https://59.57.148.200:9999,9999,福建厦门,高匿,HTTP,19-09-25 13:21
https://125.123.123.214:9999,9999,浙江嘉兴市桐乡,高匿,HTTP,19-09-25 13:00
https://222.189.245.252:9999,9999,江苏扬州,高匿,HTTPS,19-09-25 13:00
https://59.57.148.123:9999,9999,福建厦门,高匿,HTTP,19-09-25 12:21
https://59.57.38.111:9999,9999,福建泉州,高匿,HTTP,19-09-25 12:20
https://1.198.73.160:9999,9999,河南,高匿,HTTP,19-09-25 12:20
https://27.152.91.135:9999,9999,福建泉州,高匿,HTTPS,19-09-25 12:01
https://125.45.91.46:9999,9999,河南漯河,高匿,HTTPS,19-09-25 12:00
https://112.87.68.9:9999,9999,江苏宿迁,高匿,HTTPS,19-09-25 11:21
https://59.62.119.153:9999,9999,江西鹰潭,高匿,HTTP,19-09-25 11:20
https://120.83.109.149:9999,9999,广东揭阳市普宁,高匿,HTTPS,19-09-25 11:00
https://58.253.157.238:9999,9999,广东揭阳,高匿,HTTPS,19-09-25 11:00
https://182.35.85.217:9999,9999,山东泰安,高匿,HTTP,19-09-25 11:00
https://120.83.99.220:9999,9999,广东揭阳市普宁,高匿,HTTP,19-09-25 10:20
https://27.152.91.2:9999,9999,福建泉州,高匿,HTTP,19-09-25 10:20
https://58.253.153.178:9999,9999,广东揭阳,高匿,HTTP,19-09-25 10:20
https://27.43.188.71:9999,9999,广东梅州,高匿,HTTP,19-09-25 10:20
https://222.89.32.163:9999,9999,河南济源,高匿,HTTPS,19-09-25 10:20
https://49.73.157.109:9999,9999,江苏苏州,高匿,HTTP,19-09-25 10:20
https://125.123.64.96:9999,9999,浙江嘉兴,高匿,HTTP,19-09-25 10:20
https://1.197.203.6:9999,9999,河南济源,高匿,HTTPS,19-09-25 10:20
https://218.91.94.126:9999,9999,江苏扬州,高匿,HTTPS,19-09-25 10:00
https://180.119.68.88:9999,9999,江苏扬州,高匿,HTTPS,19-09-25 10:00
https://49.89.222.18:9999,9999,江苏宿迁,高匿,HTTPS,19-09-25 10:00
https://27.159.165.209:9999,9999,福建莆田,高匿,HTTP,19-09-25 09:20
https://27.159.165.163:9999,9999,福建莆田,高匿,HTTP,19-09-25 09:20
https://27.43.184.57:9999,9999,广东梅州,高匿,HTTPS,19-09-25 09:00
https://125.123.123.245:25226,25226,浙江嘉兴市桐乡,高匿,HTTPS,19-09-25 08:21
https://114.239.0.159:808,808,江苏宿迁,高匿,HTTP,19-09-25 08:21
https://123.188.0.172:1133,1133,辽宁葫芦岛,高匿,HTTP,19-09-25 08:21
https://120.83.109.61:9999,9999,广东揭阳市普宁,高匿,HTTP,19-09-25 08:21
https://125.123.122.254:9999,9999,浙江嘉兴市桐乡,高匿,HTTP,19-09-25 08:20
https://123.160.69.86:9999,9999,河南郑州,高匿,HTTPS,19-09-25 08:00
https://117.95.232.191:9999,9999,江苏宿迁,高匿,HTTPS,19-09-25 08:00
https://125.123.64.64:9999,9999,浙江嘉兴,高匿,HTTPS,19-09-25 08:00
https://1.197.203.188:9999,9999,河南济源,高匿,HTTP,19-09-25 08:00
https://117.95.214.251:9999,9999,江苏宿迁,高匿,HTTPS,19-09-25 08:00
https://222.188.17.40:61234,61234,江苏盐城,高匿,HTTPS,19-09-25 08:00
https://125.123.120.187:9999,9999,浙江嘉兴市桐乡,高匿,HTTP,19-09-25 07:21
https://27.204.117.106:9999,9999,山东滨州,高匿,HTTP,19-09-25 07:21
https://27.204.119.114:9999,9999,山东滨州,高匿,HTTP,19-09-25 07:20
https://125.123.125.22:9999,9999,浙江嘉兴市桐乡,高匿,HTTPS,19-09-25 07:00
https://1.198.72.221:9999,9999,河南,高匿,HTTPS,19-09-25 07:00
https://1.198.72.216:9999,9999,河南,高匿,HTTP,19-09-25 07:00
https://218.91.94.94:9999,9999,江苏扬州,高匿,HTTPS,19-09-25 07:00
https://111.170.105.104:61234,61234,贵州贵阳,高匿,HTTP,19-09-25 06:21
https://120.83.106.162:9999,9999,广东揭阳,高匿,HTTPS,19-09-25 06:21
https://125.123.66.42:9999,9999,浙江嘉兴,高匿,HTTP,19-09-25 06:20
https://110.86.139.138:9999,9999,福建宁德,高匿,HTTP,19-09-25 06:20
https://59.57.148.92:9999,9999,福建厦门,高匿,HTTPS,19-09-25 06:00
https://113.12.202.50:40498,40498,广西南宁,高匿,HTTPS,19-09-25 06:00
https://221.6.32.206:50925,50925,江苏南京,高匿,HTTPS,19-09-25 06:00
https://113.124.94.195:9999,9999,山东烟台,高匿,HTTPS,19-09-25 06:00
https://110.86.137.219:9999,9999,福建宁德,高匿,HTTP,19-09-25 06:00
https://182.34.36.73:9999,9999,山东烟台,高匿,HTTPS,19-09-25 06:00
https://27.159.167.229:9999,9999,福建莆田,高匿,HTTPS,19-09-25 06:00
https://110.86.138.1:9999,9999,福建宁德,高匿,HTTPS,19-09-25 06:00
https://110.86.136.151:9999,9999,福建宁德,高匿,HTTP,19-09-25 05:20
https://171.13.103.90:9999,9999,河南,高匿,HTTP,19-09-25 05:20
https://125.123.120.146:9999,9999,浙江嘉兴市桐乡,高匿,HTTP,19-09-25 05:20
https://125.123.64.147:9999,9999,浙江嘉兴,高匿,HTTP,19-09-25 05:20
https://125.123.69.167:9999,9999,浙江嘉兴,高匿,HTTP,19-09-25 05:20
https://110.86.136.177:9999,9999,福建宁德,高匿,HTTPS,19-09-25 05:20
https://123.163.122.230:9999,9999,河南洛阳,高匿,HTTP,19-09-25 05:20
https://1.198.72.207:9999,9999,河南,高匿,HTTP,19-09-25 05:20
https://114.239.145.152:808,808,江苏宿迁市泗阳县,高匿,HTTPS,19-09-25 05:20
https://27.204.81.152:9999,9999,山东滨州,高匿,HTTPS,19-09-25 05:00
https://115.223.95.83:8010,8010,浙江温州,高匿,HTTP,19-09-25 05:00
https://118.24.175.158:8080,8080,null,高匿,HTTPS,19-09-25 05:00
https://61.189.242.243:55484,55484,贵州六盘水,高匿,HTTPS,19-09-25 05:00
https://113.121.64.27:9999,9999,山东,高匿,HTTPS,19-09-25 05:00
https://125.123.127.148:9999,9999,浙江嘉兴市桐乡,高匿,HTTP,19-09-25 04:20
https://27.159.165.76:9999,9999,福建莆田,高匿,HTTP,19-09-25 04:20
https://27.159.165.184:9999,9999,福建莆田,高匿,HTTP,19-09-25 04:20
https://110.86.136.242:9999,9999,福建宁德,高匿,HTTP,19-09-25 04:20
https://125.123.70.30:9999,9999,浙江嘉兴,高匿,HTTP,19-09-25 04:20
https://110.86.136.199:9999,9999,福建宁德,高匿,HTTP,19-09-25 04:20
https://110.86.136.248:9999,9999,福建宁德,高匿,HTTPS,19-09-25 04:20
https://125.123.66.49:9999,9999,浙江嘉兴,高匿,HTTP,19-09-25 04:20
https://115.29.3.37:80,80,北京,高匿,HTTP,19-09-25 04:20
https://123.101.237.202:9999,9999,河南郑州,高匿,HTTPS,19-09-25 04:00
https://183.166.21.66:9999,9999,安徽淮南,高匿,HTTPS,19-09-25 04:00
https://171.35.168.68:9999,9999,江西,高匿,HTTP,19-09-25 04:00
https://125.123.70.62:9999,9999,浙江嘉兴,高匿,HTTPS,19-09-25 04:00
https://125.123.125.210:9999,9999,浙江嘉兴市桐乡,高匿,HTTPS,19-09-25 04:00
https://110.86.136.133:9999,9999,福建宁德,高匿,HTTP,19-09-25 03:20
https://27.159.165.73:9999,9999,福建莆田,高匿,HTTP,19-09-25 03:20
https://182.35.80.10:9999,9999,山东泰安,高匿,HTTP,19-09-25 03:20
https://49.83.59.101:8118,8118,江苏盐城,高匿,HTTPS,19-09-25 03:20
https://110.86.138.133:9999,9999,福建宁德,高匿,HTTP,19-09-25 03:20
https://1.199.194.85:9999,9999,河南新乡,高匿,HTTP,19-09-25 03:20
https://125.123.121.255:9999,9999,浙江嘉兴市桐乡,高匿,HTTPS,19-09-25 03:00
https://182.35.84.105:9999,9999,山东泰安,高匿,HTTPS,19-09-25 03:00
https://110.86.139.130:9999,9999,福建宁德,高匿,HTTP,19-09-25 03:00
https://59.57.148.93:9999,9999,福建厦门,高匿,HTTPS,19-09-25 03:00
https://123.169.123.72:9999,9999,山东淄博,高匿,HTTPS,19-09-25 03:00
https://183.166.70.115:9999,9999,安徽淮南,高匿,HTTPS,19-09-25 03:00
https://27.159.164.165:9999,9999,福建莆田,高匿,HTTPS,19-09-25 03:00
https://218.73.141.54:9999,9999,浙江温州,高匿,HTTP,19-09-25 02:20
https://113.120.36.84:9999,9999,山东济南,高匿,HTTP,19-09-25 02:20
https://113.121.67.58:9999,9999,山东,高匿,HTTP,19-09-25 02:20
https://27.159.167.157:9999,9999,福建莆田,高匿,HTTP,19-09-25 02:20
https://27.159.165.19:9999,9999,福建莆田,高匿,HTTP,19-09-25 02:20
https://125.123.70.85:9999,9999,浙江嘉兴,高匿,HTTP,19-09-25 02:20
https://125.123.120.30:9999,9999,浙江嘉兴市桐乡,高匿,HTTP,19-09-25 02:20
https://60.216.101.46:59351,59351,山东济南,高匿,HTTP,19-09-25 02:20
https://222.93.105.7:8118,8118,江苏苏州,高匿,HTTPS,19-09-25 02:00
https://125.123.69.115:9999,9999,浙江嘉兴,高匿,HTTPS,19-09-25 02:00
https://110.86.137.124:9999,9999,福建宁德,高匿,HTTPS,19-09-25 02:00
https://183.166.139.81:9999,9999,安徽合肥,高匿,HTTPS,19-09-25 02:00
https://110.86.138.157:9999,9999,福建宁德,高匿,HTTP,19-09-25 02:00
https://110.86.138.106:49800,49800,福建宁德,高匿,HTTPS,19-09-25 02:00
https://110.86.137.59:9999,9999,福建宁德,高匿,HTTPS,19-09-25 02:00
https://27.159.165.90:9999,9999,福建莆田,高匿,HTTP,19-09-25 01:20
https://125.123.65.219:9999,9999,浙江嘉兴,高匿,HTTP,19-09-25 01:20
https://183.166.7.69:9999,9999,安徽淮南,高匿,HTTP,19-09-25 01:20
https://1.193.244.250:9999,9999,河南洛阳,高匿,HTTP,19-09-25 01:20
https://112.87.69.241:9999,9999,江苏宿迁,高匿,HTTPS,19-09-25 01:20
https://115.219.111.197:8010,8010,浙江温州,高匿,HTTPS,19-09-25 01:20
https://125.123.124.242:9999,9999,浙江嘉兴市桐乡,高匿,HTTP,19-09-25 01:20
https://113.103.226.69:61234,61234,广东中山,高匿,HTTP,19-09-25 01:20
https://123.160.69.213:9999,9999,河南郑州,高匿,HTTPS,19-09-25 01:00
https://114.239.255.68:808,808,江苏宿迁市泗阳县,高匿,HTTPS,19-09-25 01:00
https://59.32.37.175:8010,8010,广东河源,高匿,HTTP,19-09-25 01:00
https://119.254.94.93:46323,46323,北京,高匿,HTTPS,19-09-25 01:00
https://123.52.97.106:9999,9999,河南郑州,高匿,HTTPS,19-09-25 01:00
https://123.163.20.107:9999,9999,河南洛阳,高匿,HTTP,19-09-25 00:20
https://182.35.81.86:9999,9999,山东泰安,高匿,HTTP,19-09-25 00:20
https://118.24.181.184:8118,8118,null,高匿,HTTP,19-09-25 00:20
https://123.169.115.149:9999,9999,山东淄博,高匿,HTTP,19-09-25 00:20
https://125.123.64.222:9999,9999,浙江嘉兴,高匿,HTTP,19-09-25 00:20
https://115.238.59.86:53400,53400,浙江杭州,高匿,HTTPS,19-09-25 00:20
https://110.86.138.36:9999,9999,福建宁德,高匿,HTTP,19-09-25 00:20
https://125.123.124.64:9999,9999,浙江嘉兴市桐乡,高匿,HTTP,19-09-25 00:20
https://123.54.44.243:9999,9999,河南商丘,高匿,HTTPS,19-09-25 00:00
https://110.86.138.233:9999,9999,福建宁德,高匿,HTTP,19-09-25 00:00
https://114.106.151.153:61234,61234,安徽池州,高匿,HTTPS,19-09-25 00:00
https://171.13.203.68:9999,9999,河南,高匿,HTTPS,19-09-25 00:00
https://125.123.69.163:9999,9999,浙江嘉兴,高匿,HTTPS,19-09-25 00:00
https://58.22.177.184:9999,9999,福建南平,高匿,HTTP,19-09-24 23:20
https://110.86.139.33:9999,9999,福建宁德,高匿,HTTP,19-09-24 23:20
https://125.123.123.203:9999,9999,浙江嘉兴市桐乡,高匿,HTTP,19-09-24 23:20
https://125.123.66.131:9999,9999,浙江嘉兴,高匿,HTTP,19-09-24 23:20
https://125.123.125.107:9999,9999,浙江嘉兴市桐乡,高匿,HTTP,19-09-24 23:20
https://175.42.122.58:9999,9999,福建宁德,高匿,HTTP,19-09-24 23:20
https://125.123.123.199:9999,9999,浙江嘉兴市桐乡,高匿,HTTPS,19-09-24 23:20
https://125.123.64.128:9999,9999,浙江嘉兴,高匿,HTTP,19-09-24 23:20
https://115.53.20.198:9999,9999,河南濮阳,高匿,HTTP,19-09-24 23:20
https://27.43.184.142:9999,9999,广东梅州,高匿,HTTPS,19-09-24 23:00
https://218.91.94.251:9999,9999,江苏扬州,高匿,HTTPS,19-09-24 23:00
https://113.121.23.214:34048,34048,山东,高匿,HTTPS,19-09-24 23:00
https://114.239.149.217:808,808,江苏宿迁市泗阳县,高匿,HTTPS,19-09-24 23:00
https://110.86.139.176:9999,9999,福建宁德,高匿,HTTP,19-09-24 22:21
https://222.189.190.10:9999,9999,江苏扬州,高匿,HTTP,19-09-24 22:20
https://110.86.139.146:9999,9999,福建宁德,高匿,HTTP,19-09-24 22:20
https://1.198.72.243:9999,9999,河南,高匿,HTTP,19-09-24 22:20
https://171.11.29.148:9999,9999,河南,高匿,HTTP,19-09-24 21:20
https://114.239.253.118:9999,9999,江苏宿迁市泗阳县,高匿,HTTPS,19-09-24 21:20
https://125.123.65.225:9999,9999,浙江嘉兴,高匿,HTTP,19-09-24 21:20
https://171.11.178.101:9999,9999,河南,高匿,HTTP,19-09-24 21:20
https://27.159.167.251:9999,9999,福建莆田,高匿,HTTP,19-09-24 21:20
https://1.197.204.61:9999,9999,河南济源,高匿,HTTP,19-09-24 21:20
https://110.86.138.236:9999,9999,福建宁德,高匿,HTTP,19-09-24 21:20
https://123.163.122.192:9999,9999,河南洛阳,高匿,HTTP,19-09-24 21:20
https://222.189.247.127:808,808,江苏扬州,高匿,HTTP,19-09-24 21:00
https://1.197.203.229:9999,9999,河南济源,高匿,HTTPS,19-09-24 21:00
https://110.86.138.186:9999,9999,福建宁德,高匿,HTTP,19-09-24 20:20
https://42.238.86.180:9999,9999,河南,高匿,HTTPS,19-09-24 20:20
https://218.91.94.8:9999,9999,江苏扬州,高匿,HTTP,19-09-24 20:20
https://1.199.31.68:9999,9999,河南漯河,高匿,HTTP,19-09-24 20:20
https://110.86.138.214:9999,9999,福建宁德,高匿,HTTP,19-09-24 20:20
https://113.121.36.62:9999,9999,山东烟台,高匿,HTTP,19-09-24 20:20
https://113.120.60.144:9999,9999,山东济南,高匿,HTTP,19-09-24 20:20
https://171.35.142.175:9999,9999,江西,高匿,HTTPS,19-09-24 20:00
https://27.159.165.21:9999,9999,福建莆田,高匿,HTTPS,19-09-24 20:00
https://117.28.97.28:9999,9999,福建泉州,高匿,HTTPS,19-09-24 20:00
https://171.35.172.108:9999,9999,江西,高匿,HTTPS,19-09-24 20:00
https://123.163.154.245:9999,9999,河南三门峡,高匿,HTTPS,19-09-24 20:00
https://27.159.164.243:9999,9999,福建莆田,高匿,HTTPS,19-09-24 20:00
https://123.101.66.90:9999,9999,河南郑州,高匿,HTTP,19-09-24 19:21
https://110.86.138.18:9999,9999,福建宁德,高匿,HTTP,19-09-24 19:20
https://180.119.68.253:9999,9999,江苏扬州,高匿,HTTP,19-09-24 19:20
https://113.128.24.101:9999,9999,山东济南,高匿,HTTP,19-09-24 19:20
https://123.163.122.61:9999,9999,河南洛阳,高匿,HTTP,19-09-24 19:20
https://27.159.165.29:9999,9999,福建莆田,高匿,HTTP,19-09-24 19:20
https://27.159.167.42:9999,9999,福建莆田,高匿,HTTPS,19-09-24 19:00
https://110.86.136.21:9999,9999,福建宁德,高匿,HTTPS,19-09-24 19:00
https://42.238.80.16:9999,9999,河南,高匿,HTTPS,19-09-24 19:00
https://117.95.214.181:9999,9999,江苏宿迁,高匿,HTTPS,19-09-24 19:00
https://117.63.120.18:8118,8118,江苏常州,高匿,HTTP,19-09-24 18:21
https://171.35.175.5:9999,9999,江西,高匿,HTTP,19-09-24 18:21
https://27.159.167.187:9999,9999,福建莆田,高匿,HTTP,19-09-24 18:21
https://110.86.137.53:9999,9999,福建宁德,高匿,HTTP,19-09-24 18:20
https://182.34.36.213:9999,9999,山东烟台,高匿,HTTP,19-09-24 18:20
https://120.83.102.88:9999,9999,广东揭阳市普宁,高匿,HTTPS,19-09-24 18:00
https://113.195.17.102:9999,9999,江西赣州,高匿,HTTPS,19-09-24 18:00
https://171.11.29.47:9999,9999,河南,高匿,HTTPS,19-09-24 18:00
https://113.128.9.167:9999,9999,山东济南,高匿,HTTPS,19-09-24 18:00
https://125.123.120.182:9999,9999,浙江嘉兴市桐乡,高匿,HTTP,19-09-24 17:21
https://113.195.225.86:9999,9999,江西赣州,高匿,HTTP,19-09-24 17:20
https://58.253.154.134:9999,9999,广东揭阳,高匿,HTTP,19-09-24 17:20
https://27.159.164.15:9999,9999,福建莆田,高匿,HTTP,19-09-24 17:20
https://1.198.72.53:9999,9999,河南,高匿,HTTP,19-09-24 17:20
https://125.123.127.92:9999,9999,浙江嘉兴市桐乡,高匿,HTTP,19-09-24 17:20
https://42.238.86.252:9999,9999,河南,高匿,HTTPS,19-09-24 17:00
https://27.29.158.21:61234,61234,湖北,高匿,HTTP,19-09-24 17:00
https://120.83.107.237:9999,9999,广东揭阳市普宁,高匿,HTTPS,19-09-24 17:00
https://114.239.0.100:808,808,江苏宿迁,高匿,HTTP,19-09-24 17:00
https://27.43.185.136:61234,61234,广东梅州,高匿,HTTPS,19-09-24 17:00
https://27.152.90.13:9999,9999,福建泉州,高匿,HTTPS,19-09-24 17:00
https://222.189.245.38:808,808,江苏扬州,高匿,HTTPS,19-09-24 16:21
https://218.91.95.11:9999,9999,江苏扬州,高匿,HTTPS,19-09-24 16:21
https://175.42.129.237:9999,9999,福建宁德,高匿,HTTP,19-09-24 16:21
https://110.86.136.61:9999,9999,福建宁德,高匿,HTTP,19-09-24 16:21
https://125.123.121.42:9999,9999,浙江嘉兴市桐乡,高匿,HTTP,19-09-24 16:20
https://60.2.44.182:30963,30963,河北唐山,高匿,HTTP,19-09-24 16:20
https://110.86.139.202:9999,9999,福建宁德,高匿,HTTP,19-09-24 16:20
https://27.159.164.92:9999,9999,福建莆田,高匿,HTTPS,19-09-24 16:20
https://1.197.203.77:53128,53128,河南济源,高匿,HTTPS,19-09-24 16:20
https://27.204.112.238:9999,9999,山东滨州,高匿,HTTPS,19-09-24 16:00
https://123.101.231.90:9999,9999,河南郑州,高匿,HTTPS,19-09-24 16:00
https://60.182.224.154:8118,8118,浙江金华,高匿,HTTP,19-09-24 16:00
https://110.86.137.96:9999,9999,福建宁德,高匿,HTTPS,19-09-24 16:00
https://1.197.204.219:9999,9999,河南济源,高匿,HTTP,19-09-24 16:00
https://171.35.171.198:9999,9999,江西,高匿,HTTP,19-09-24 15:21
https://125.123.127.183:9999,9999,浙江嘉兴市桐乡,高匿,HTTP,19-09-24 15:20
https://123.134.216.13:9999,9999,山东莱芜,高匿,HTTPS,19-09-24 15:00
https://221.1.200.242:38652,38652,山东菏泽,高匿,HTTPS,19-09-24 15:00
https://123.163.96.235:9999,9999,河南洛阳,高匿,HTTPS,19-09-24 15:00
https://114.239.149.69:808,808,江苏宿迁市泗阳县,高匿,HTTP,19-09-24 15:00
https://27.159.165.126:9999,9999,福建莆田,高匿,HTTP,19-09-24 14:20
https://110.86.138.169:9999,9999,福建宁德,高匿,HTTP,19-09-24 14:20
https://59.57.149.98:9999,9999,福建厦门,高匿,HTTP,19-09-24 14:20
https://125.45.90.110:9999,9999,河南漯河,高匿,HTTP,19-09-24 14:20
https://117.57.90.97:9999,9999,安徽淮北,高匿,HTTP,19-09-24 14:20
https://27.159.165.127:9999,9999,福建莆田,高匿,HTTP,19-09-24 14:20
https://125.123.122.93:9999,9999,浙江嘉兴市桐乡,高匿,HTTP,19-09-24 14:20
https://171.35.173.1:9999,9999,江西,高匿,HTTPS,19-09-24 14:00
https://171.12.182.34:9999,9999,河南,高匿,HTTPS,19-09-24 14:00
https://171.11.28.229:9999,9999,河南,高匿,HTTPS,19-09-24 14:00
https://125.123.67.120:9999,9999,浙江嘉兴,高匿,HTTP,19-09-24 13:20
https://1.197.203.150:9999,9999,河南济源,高匿,HTTPS,19-09-24 13:20
https://27.159.166.150:9999,9999,福建莆田,高匿,HTTPS,19-09-24 13:20
https://123.54.44.106:9999,9999,河南商丘,高匿,HTTP,19-09-24 13:20
https://60.13.42.150:9999,9999,甘肃平凉,高匿,HTTP,19-09-24 13:20
https://222.189.247.20:9999,9999,江苏扬州,高匿,HTTP,19-09-24 13:20
https://171.12.112.49:9999,9999,河南,高匿,HTTP,19-09-24 13:20
https://110.86.139.131:9999,9999,福建宁德,高匿,HTTPS,19-09-24 13:20
https://27.152.91.121:9999,9999,福建泉州,高匿,HTTPS,19-09-24 13:00
https://1.198.73.66:9999,9999,河南,高匿,HTTPS,19-09-24 13:00
https://182.35.86.168:9999,9999,山东泰安,高匿,HTTP,19-09-24 13:00
https://182.35.84.107:9999,9999,山东泰安,高匿,HTTPS,19-09-24 13:00
https://27.204.83.224:9999,9999,山东滨州,高匿,HTTP,19-09-24 12:21
https://222.89.32.135:9999,9999,河南济源,高匿,HTTP,19-09-24 12:20
https://1.197.203.196:9999,9999,河南济源,高匿,HTTPS,19-09-24 12:20
https://120.83.98.195:9999,9999,广东揭阳市普宁,高匿,HTTPS,19-09-24 12:00
https://125.123.127.250:9999,9999,浙江嘉兴市桐乡,高匿,HTTPS,19-09-24 12:00
https://120.83.108.112:9999,9999,广东揭阳市普宁,高匿,HTTPS,19-09-24 12:00
https://125.123.122.14:9999,9999,浙江嘉兴市桐乡,高匿,HTTP,19-09-24 12:00
https://27.152.90.39:9999,9999,福建泉州,高匿,HTTPS,19-09-24 12:00
https://125.123.120.27:9999,9999,浙江嘉兴市桐乡,高匿,HTTPS,19-09-24 12:00
https://120.83.105.16:9999,9999,广东揭阳,高匿,HTTP,19-09-24 11:21
https://171.11.33.252:9999,9999,河南,高匿,HTTP,19-09-24 11:20
https://120.83.109.160:9999,9999,广东揭阳市普宁,高匿,HTTP,19-09-24 11:20
https://27.159.164.244:9999,9999,福建莆田,高匿,HTTP,19-09-24 11:20
https://183.166.118.181:9999,9999,安徽淮南,高匿,HTTP,19-09-24 11:20
https://125.123.126.248:9999,9999,浙江嘉兴市桐乡,高匿,HTTP,19-09-24 11:20
https://171.35.162.246:9999,9999,江西,高匿,HTTPS,19-09-24 11:00
https://58.253.154.197:9999,9999,广东揭阳,高匿,HTTPS,19-09-24 11:00
https://1.197.204.134:9999,9999,河南济源,高匿,HTTP,19-09-24 11:00
https://27.159.166.240:9999,9999,福建莆田,高匿,HTTPS,19-09-24 11:00
https://27.204.118.192:9999,9999,山东滨州,高匿,HTTPS,19-09-24 11:00
https://122.230.44.121:9999,9999,浙江湖州,高匿,HTTP,19-09-24 10:21
https://218.91.95.34:9999,9999,江苏扬州,高匿,HTTP,19-09-24 10:21
https://117.95.232.149:9999,9999,江苏宿迁,高匿,HTTP,19-09-24 10:20
https://60.12.89.218:57299,57299,浙江嘉兴,高匿,HTTPS,19-09-24 10:20
https://49.73.157.41:9999,9999,江苏苏州,高匿,HTTP,19-09-24 10:20
https://123.169.119.33:9999,9999,山东淄博,高匿,HTTPS,19-09-24 10:00
https://49.89.84.248:21716,21716,江苏宿迁,高匿,HTTPS,19-09-24 10:00
https://125.123.67.179:9999,9999,浙江嘉兴,高匿,HTTP,19-09-24 09:20
https://27.159.166.44:9999,9999,福建莆田,高匿,HTTP,19-09-24 09:20
https://110.86.137.49:9999,9999,福建宁德,高匿,HTTP,19-09-24 09:20
https://125.123.69.140:9999,9999,浙江嘉兴,高匿,HTTP,19-09-24 09:20
https://123.101.110.133:9999,9999,河南郑州,高匿,HTTP,19-09-24 09:20
https://125.123.124.227:9999,9999,浙江嘉兴市桐乡,高匿,HTTP,19-09-24 09:20
https://112.87.70.212:9999,9999,江苏宿迁,高匿,HTTPS,19-09-24 09:20
https://218.91.94.77:9999,9999,江苏扬州,高匿,HTTP,19-09-24 09:20
https://27.152.8.178:9999,9999,福建泉州,高匿,HTTP,19-09-24 09:20
https://58.253.152.127:9999,9999,广东揭阳,高匿,HTTPS,19-09-24 09:00
https://175.10.25.1:3128,3128,湖南,高匿,HTTPS,19-09-24 09:00
https://110.86.139.127:9999,9999,福建宁德,高匿,HTTPS,19-09-24 09:00
https://222.189.245.161:9999,9999,江苏扬州,高匿,HTTP,19-09-24 08:20
https://27.159.165.18:9999,9999,福建莆田,高匿,HTTP,19-09-24 08:20
https://218.91.94.130:9999,9999,江苏扬州,高匿,HTTPS,19-09-24 08:00
https://58.253.152.50:9999,9999,广东揭阳,高匿,HTTP,19-09-24 08:00
https://123.169.34.188:9999,9999,山东烟台,高匿,HTTPS,19-09-24 08:00
https://110.86.138.111:9999,9999,福建宁德,高匿,HTTPS,19-09-24 08:00
https://218.91.95.8:9999,9999,江苏扬州,高匿,HTTPS,19-09-24 08:00
https://114.99.0.9:808,808,安徽安庆,高匿,HTTPS,19-09-24 08:00
https://110.86.138.183:9999,9999,福建宁德,高匿,HTTPS,19-09-24 08:00
https://1.198.73.62:9999,9999,河南,高匿,HTTP,19-09-24 07:20
https://1.197.204.171:9999,9999,河南济源,高匿,HTTP,19-09-24 07:20
https://110.86.139.111:9999,9999,福建宁德,高匿,HTTPS,19-09-24 07:20
https://27.159.167.73:49189,49189,福建莆田,高匿,HTTPS,19-09-24 07:20
https://27.159.167.69:9999,9999,福建莆田,高匿,HTTP,19-09-24 07:20
https://125.123.122.191:9999,9999,浙江嘉兴市桐乡,高匿,HTTPS,19-09-24 07:00
https://27.152.90.22:9999,9999,福建泉州,高匿,HTTPS,19-09-24 07:00
https://182.34.34.100:9999,9999,山东烟台,高匿,HTTPS,19-09-24 07:00
https://123.134.219.104:9999,9999,山东莱芜,高匿,HTTPS,19-09-24 07:00
https://1.197.203.133:9999,9999,河南济源,高匿,HTTP,19-09-24 06:20
https://1.198.72.150:9999,9999,河南,高匿,HTTP,19-09-24 06:20
https://27.204.87.133:9999,9999,山东滨州,高匿,HTTPS,19-09-24 06:00
https://49.70.94.124:9999,9999,江苏苏州,高匿,HTTPS,19-09-24 06:00
https://125.123.126.219:9999,9999,浙江嘉兴市桐乡,高匿,HTTPS,19-09-24 06:00
https://1.198.73.37:9999,9999,河南,高匿,HTTP,19-09-24 05:20
https://123.101.110.72:9999,9999,河南郑州,高匿,HTTP,19-09-24 05:20
https://163.204.247.78:9999,9999,广东,高匿,HTTP,19-09-24 05:20
https://1.197.204.245:9999,9999,河南济源,高匿,HTTP,19-09-24 05:20
https://125.123.120.19:61234,61234,浙江嘉兴市桐乡,高匿,HTTPS,19-09-24 05:20
https://120.83.106.211:9999,9999,广东揭阳,高匿,HTTP,19-09-24 05:20
https://113.120.62.146:9999,9999,山东济南,高匿,HTTP,19-09-24 05:20
https://58.253.153.242:9999,9999,广东揭阳,高匿,HTTP,19-09-24 05:20
https://110.86.137.128:9999,9999,福建宁德,高匿,HTTPS,19-09-24 05:00
https://112.111.77.118:9999,9999,福建三明,高匿,HTTPS,19-09-24 05:00
https://125.123.124.2:9999,9999,浙江嘉兴市桐乡,高匿,HTTPS,19-09-24 05:00
https://182.35.84.3:9999,9999,山东泰安,高匿,HTTP,19-09-24 05:00
https://123.54.236.53:9999,9999,河南驻马店,高匿,HTTPS,19-09-24 05:00
https://110.86.136.102:9999,9999,福建宁德,高匿,HTTP,19-09-24 05:00
https://27.159.165.182:9999,9999,福建莆田,高匿,HTTPS,19-09-24 05:00
https://218.91.95.69:9999,9999,江苏扬州,高匿,HTTPS,19-09-24 05:00
https://123.163.122.205:9999,9999,河南洛阳,高匿,HTTP,19-09-24 04:20
https://175.43.59.26:9999,9999,福建泉州,高匿,HTTP,19-09-24 04:20
https://125.123.121.92:9999,9999,浙江嘉兴市桐乡,高匿,HTTP,19-09-24 04:20
https://60.205.213.172:8118,8118,广东深圳,高匿,HTTPS,19-09-24 04:20
https://27.159.167.171:9999,9999,福建莆田,高匿,HTTP,19-09-24 04:20
https://218.91.95.86:9999,9999,江苏扬州,高匿,HTTPS,19-09-24 04:00
https://110.86.137.157:9999,9999,福建宁德,高匿,HTTPS,19-09-24 04:00
https://58.56.149.198:53281,53281,山东青岛,高匿,HTTPS,19-09-24 04:00
https://125.123.66.225:9999,9999,浙江嘉兴,高匿,HTTP,19-09-24 03:20
https://27.159.166.156:9999,9999,福建莆田,高匿,HTTPS,19-09-24 03:20
https://125.123.127.122:61234,61234,浙江嘉兴市桐乡,高匿,HTTP,19-09-24 03:20
https://27.159.164.207:9999,9999,福建莆田,高匿,HTTP,19-09-24 03:20
https://125.123.120.104:9999,9999,浙江嘉兴市桐乡,高匿,HTTP,19-09-24 03:20
https://175.43.34.42:9999,9999,福建泉州,高匿,HTTP,19-09-24 03:20
https://171.35.166.204:9999,9999,江西,高匿,HTTPS,19-09-24 03:00
https://114.104.227.137:61234,61234,安徽黄山,高匿,HTTPS,19-09-24 03:00
https://117.95.200.237:9999,9999,江苏宿迁,高匿,HTTP,19-09-24 03:00
https://140.255.143.173:9999,9999,山东,高匿,HTTPS,19-09-24 03:00
https://111.170.28.185:61234,61234,贵州贵阳,高匿,HTTPS,19-09-24 03:00
https://27.159.167.161:9999,9999,福建莆田,高匿,HTTPS,19-09-24 03:00
https://113.195.225.71:9999,9999,江西赣州,高匿,HTTPS,19-09-24 03:00
https://110.86.138.102:9999,9999,福建宁德,高匿,HTTPS,19-09-24 03:00
https://125.123.67.4:9999,9999,浙江嘉兴,高匿,HTTP,19-09-24 02:21
https://110.86.139.82:9999,9999,福建宁德,高匿,HTTP,19-09-24 02:21
https://110.86.136.131:9999,9999,福建宁德,高匿,HTTP,19-09-24 02:21
https://183.143.62.71:8118,8118,浙江湖州,高匿,HTTP,19-09-24 02:20
https://27.159.164.211:9999,9999,福建莆田,高匿,HTTP,19-09-24 02:20
https://110.86.139.201:9999,9999,福建宁德,高匿,HTTP,19-09-24 02:20
https://114.104.138.166:9999,9999,安徽黄山,高匿,HTTPS,19-09-24 02:00
https://125.123.121.251:9999,9999,浙江嘉兴市桐乡,高匿,HTTPS,19-09-24 02:00
https://123.55.2.90:9999,9999,河南洛阳,高匿,HTTP,19-09-24 02:00
https://175.148.72.32:1133,1133,辽宁葫芦岛,高匿,HTTP,19-09-24 02:00
https://27.159.167.223:9999,9999,福建莆田,高匿,HTTP,19-09-24 01:21
https://125.123.66.239:9999,9999,浙江嘉兴,高匿,HTTP,19-09-24 01:21
https://123.207.111.68:56242,56242,null,高匿,HTTPS,19-09-24 01:20
https://125.123.71.178:9999,9999,浙江嘉兴,高匿,HTTP,19-09-24 01:20
https://110.86.138.49:9999,9999,福建宁德,高匿,HTTP,19-09-24 01:20
https://110.86.138.207:9999,9999,福建宁德,高匿,HTTP,19-09-24 01:20
https://27.159.164.5:9999,9999,福建莆田,高匿,HTTPS,19-09-24 01:00
https://27.159.166.145:9999,9999,福建莆田,高匿,HTTPS,19-09-24 01:00
https://125.123.67.189:9999,9999,浙江嘉兴,高匿,HTTPS,19-09-24 01:00
https://115.219.172.184:8118,8118,浙江温州,高匿,HTTPS,19-09-24 01:00
https://27.159.167.240:9999,9999,福建莆田,高匿,HTTPS,19-09-24 01:00
https://110.86.136.120:808,808,福建宁德,高匿,HTTPS,19-09-24 01:00
https://1.199.135.241:9999,9999,河南三门峡,高匿,HTTP,19-09-24 00:20
https://114.99.54.65:8118,8118,安徽安庆,高匿,HTTPS,19-09-24 00:20
https://125.123.123.227:9999,9999,浙江嘉兴市桐乡,高匿,HTTPS,19-09-24 00:20
https://171.13.203.5:9999,9999,河南,高匿,HTTP,19-09-24 00:20
https://182.34.34.222:9999,9999,山东烟台,高匿,HTTP,19-09-24 00:20
https://125.123.126.212:9999,9999,浙江嘉兴市桐乡,高匿,HTTP,19-09-24 00:20
https://122.4.50.240:9999,9999,山东济南,高匿,HTTPS,19-09-24 00:00
https://120.83.122.156:9999,9999,广东揭阳,高匿,HTTPS,19-09-24 00:00
https://123.169.113.218:9999,9999,山东淄博,高匿,HTTPS,19-09-24 00:00
https://163.204.94.37:9999,9999,广东梅州,高匿,HTTPS,19-09-24 00:00
https://1.199.155.236:9999,9999,河南三门峡,高匿,HTTPS,19-09-24 00:00
https://110.86.136.2:9999,9999,福建宁德,高匿,HTTPS,19-09-24 00:00
https://123.169.115.227:9999,9999,山东淄博,高匿,HTTPS,19-09-24 00:00
https://182.116.237.26:9999,9999,河南濮阳,高匿,HTTPS,19-09-24 00:00
https://182.34.36.245:9999,9999,山东烟台,高匿,HTTPS,19-09-24 00:00
https://27.159.167.205:9999,9999,福建莆田,高匿,HTTPS,19-09-24 00:00
https://222.189.246.94:9999,9999,江苏扬州,高匿,HTTP,19-09-23 23:20
https://120.83.98.120:9999,9999,广东揭阳市普宁,高匿,HTTP,19-09-23 23:20
https://171.35.223.112:9999,9999,江西,高匿,HTTPS,19-09-23 23:20
https://123.134.222.89:9999,9999,山东莱芜,高匿,HTTP,19-09-23 23:20
https://120.83.109.5:9999,9999,广东揭阳市普宁,高匿,HTTP,19-09-23 23:20
https://120.83.101.129:9999,9999,广东揭阳市普宁,高匿,HTTP,19-09-23 23:20
https://125.123.122.94:9999,9999,浙江嘉兴市桐乡,高匿,HTTPS,19-09-23 23:00
https://120.83.104.72:9999,9999,广东揭阳,高匿,HTTP,19-09-23 22:21
https://27.43.184.174:9999,9999,广东梅州,高匿,HTTPS,19-09-23 22:21
https://123.163.96.65:9999,9999,河南洛阳,高匿,HTTP,19-09-23 22:20
https://114.239.151.216:808,808,江苏宿迁市泗阳县,高匿,HTTP,19-09-23 22:20
https://171.15.65.225:9999,9999,河南,高匿,HTTP,19-09-23 22:20
https://1.198.72.226:9999,9999,河南,高匿,HTTP,19-09-23 22:20
https://1.197.203.146:9999,9999,河南济源,高匿,HTTP,19-09-23 22:20
https://112.87.70.107:9999,9999,江苏宿迁,高匿,HTTP,19-09-23 22:00
https://123.163.97.191:9999,9999,河南洛阳,高匿,HTTP,19-09-23 22:00
https://123.169.122.157:9999,9999,山东淄博,高匿,HTTP,19-09-23 21:20
https://123.169.123.120:9999,9999,山东淄博,高匿,HTTP,19-09-23 21:20
https://120.83.110.88:9999,9999,广东揭阳市普宁,高匿,HTTP,19-09-23 21:20
https://1.197.16.41:9999,9999,河南许昌,高匿,HTTPS,19-09-23 21:20
https://60.13.42.221:9999,9999,甘肃平凉,高匿,HTTP,19-09-23 21:20
https://1.197.203.97:9999,9999,河南济源,高匿,HTTP,19-09-23 21:20
https://120.83.108.25:9999,9999,广东揭阳市普宁,高匿,HTTPS,19-09-23 21:00
https://27.204.127.7:9999,9999,山东滨州,高匿,HTTP,19-09-23 21:00
https://222.89.32.134:9999,9999,河南济源,高匿,HTTPS,19-09-23 21:00
https://117.95.162.165:9999,9999,江苏宿迁,高匿,HTTPS,19-09-23 21:00
https://117.28.97.219:9999,9999,福建泉州,高匿,HTTPS,19-09-23 21:00
https://110.86.137.145:9999,9999,福建宁德,高匿,HTTPS,19-09-23 21:00
https://123.163.97.15:9999,9999,河南洛阳,高匿,HTTPS,19-09-23 20:21
https://171.12.42.89:9999,9999,河南,高匿,HTTP,19-09-23 20:20
https://120.83.108.3:9999,9999,广东揭阳市普宁,高匿,HTTPS,19-09-23 20:20
https://115.53.16.176:9999,9999,河南濮阳,高匿,HTTP,19-09-23 20:20
https://113.124.93.207:9999,9999,山东烟台,高匿,HTTP,19-09-23 20:20
https://123.163.122.65:9999,9999,河南洛阳,高匿,HTTP,19-09-23 20:20
https://125.123.67.178:9999,9999,浙江嘉兴,高匿,HTTPS,19-09-23 20:20
https://113.121.44.255:9999,9999,山东烟台,高匿,HTTP,19-09-23 20:20
https://120.83.105.247:9999,9999,广东揭阳,高匿,HTTPS,19-09-23 20:00
https://58.253.152.49:9999,9999,广东揭阳,高匿,HTTPS,19-09-23 20:00
https://117.28.97.192:9999,9999,福建泉州,高匿,HTTPS,19-09-23 20:00
https://171.11.178.192:9999,9999,河南,高匿,HTTPS,19-09-23 20:00
https://125.123.69.214:9999,9999,浙江嘉兴,高匿,HTTP,19-09-23 19:21
https://125.123.125.5:9999,9999,浙江嘉兴市桐乡,高匿,HTTP,19-09-23 19:21
https://113.124.92.208:9999,9999,山东烟台,高匿,HTTP,19-09-23 19:20
https://1.198.72.8:9999,9999,河南,高匿,HTTP,19-09-23 19:20
https://49.70.48.55:9999,9999,江苏苏州,高匿,HTTP,19-09-23 19:20
https://124.200.36.118:40188,40188,北京,高匿,HTTP,19-09-23 19:20
https://125.123.124.61:9999,9999,浙江嘉兴市桐乡,高匿,HTTPS,19-09-23 19:00
https://222.189.244.2:9999,9999,江苏扬州,高匿,HTTPS,19-09-23 19:00
https://1.198.73.212:9999,9999,河南,高匿,HTTPS,19-09-23 19:00
https://183.166.103.114:9999,9999,安徽淮南,高匿,HTTP,19-09-23 18:20
https://118.212.106.4:9999,9999,江西赣州,高匿,HTTP,19-09-23 18:20
https://1.197.203.93:9999,9999,河南济源,高匿,HTTPS,19-09-23 18:20
https://27.159.166.31:9999,9999,福建莆田,高匿,HTTP,19-09-23 18:20
https://27.159.166.18:9999,9999,福建莆田,高匿,HTTP,19-09-23 18:20
https://218.91.95.124:9999,9999,江苏扬州,高匿,HTTP,19-09-23 18:20
https://27.159.166.35:9999,9999,福建莆田,高匿,HTTP,19-09-23 18:20
https://58.253.157.39:9999,9999,广东揭阳,高匿,HTTP,19-09-23 18:20
https://27.159.167.176:9999,9999,福建莆田,高匿,HTTPS,19-09-23 18:00
https://125.123.126.9:9999,9999,浙江嘉兴市桐乡,高匿,HTTPS,19-09-23 18:00
https://183.166.125.49:9999,9999,安徽淮南,高匿,HTTPS,19-09-23 18:00
https://210.5.10.87:53281,53281,广东广州,高匿,HTTPS,19-09-23 18:00
https://123.163.122.194:9999,9999,河南洛阳,高匿,HTTPS,19-09-23 18:00
https://123.169.112.14:9999,9999,山东淄博,高匿,HTTPS,19-09-23 18:00
https://222.189.247.192:9999,9999,江苏扬州,高匿,HTTPS,19-09-23 18:00
https://125.123.125.88:9999,9999,浙江嘉兴市桐乡,高匿,HTTP,19-09-23 17:21
https://1.198.73.127:9999,9999,河南,高匿,HTTP,19-09-23 17:20
https://222.89.32.160:9999,9999,河南济源,高匿,HTTPS,19-09-23 17:00
https://222.85.28.130:40505,40505,河南许昌市禹州,高匿,HTTP,19-09-23 17:00
https://112.85.151.248:9999,9999,江苏南通,高匿,HTTPS,19-09-23 17:00
https://27.159.164.198:9999,9999,福建莆田,高匿,HTTPS,19-09-23 17:00
https://120.83.106.124:9999,9999,广东揭阳,高匿,HTTP,19-09-23 16:20
https://120.83.105.147:9999,9999,广东揭阳,高匿,HTTP,19-09-23 16:20
https://182.35.83.123:9999,9999,山东泰安,高匿,HTTPS,19-09-23 16:20
https://112.85.168.20:9999,9999,江苏南通,高匿,HTTP,19-09-23 16:20
https://183.166.71.56:9999,9999,安徽淮南,高匿,HTTP,19-09-23 16:20
https://114.239.145.20:9999,9999,江苏宿迁市泗阳县,高匿,HTTPS,19-09-23 16:00
https://115.53.19.165:9999,9999,河南濮阳,高匿,HTTPS,19-09-23 16:00
https://123.132.232.254:37638,37638,山东临沂,高匿,HTTPS,19-09-23 16:00
https://222.89.32.149:9999,9999,河南济源,高匿,HTTPS,19-09-23 16:00
https://1.198.72.155:9999,9999,河南,高匿,HTTPS,19-09-23 16:00
https://222.89.32.132:9999,9999,河南济源,高匿,HTTPS,19-09-23 15:21
https://27.159.165.98:9999,9999,福建莆田,高匿,HTTP,19-09-23 15:20
https://123.101.141.79:9999,9999,河南,高匿,HTTPS,19-09-23 15:00
https://120.83.109.159:9999,9999,广东揭阳市普宁,高匿,HTTPS,19-09-23 15:00
https://183.166.87.20:9999,9999,安徽淮南,高匿,HTTPS,19-09-23 15:00
https://49.89.87.99:9999,9999,江苏宿迁,高匿,HTTPS,19-09-23 15:00
https://123.163.97.62:9999,9999,河南洛阳,高匿,HTTPS,19-09-23 15:00
https://1.199.132.91:9999,9999,河南三门峡,高匿,HTTPS,19-09-23 15:00
https://120.83.108.190:808,808,广东揭阳市普宁,高匿,HTTPS,19-09-23 14:21
https://27.43.190.102:9999,9999,广东梅州,高匿,HTTPS,19-09-23 14:20
https://120.83.102.205:9999,9999,广东揭阳市普宁,高匿,HTTP,19-09-23 14:20
https://1.197.178.39:38808,38808,河南南阳,高匿,HTTP,19-09-23 14:20
https://1.197.204.57:9999,9999,河南济源,高匿,HTTP,19-09-23 14:20
https://122.4.51.7:9999,9999,山东济南,高匿,HTTPS,19-09-23 14:00
https://59.57.149.100:9999,9999,福建厦门,高匿,HTTP,19-09-23 13:21
https://58.253.154.73:9999,9999,广东揭阳,高匿,HTTP,19-09-23 13:20
https://27.159.164.201:9999,9999,福建莆田,高匿,HTTP,19-09-23 13:20
https://1.197.203.15:9999,9999,河南济源,高匿,HTTP,19-09-23 13:00
https://58.253.152.65:9999,9999,广东揭阳,高匿,HTTP,19-09-23 13:00
https://110.86.137.229:9999,9999,福建宁德,高匿,HTTP,19-09-23 12:20
https://110.86.137.206:9999,9999,福建宁德,高匿,HTTP,19-09-23 12:20
https://1.197.204.228:9999,9999,河南济源,高匿,HTTP,19-09-23 12:20
https://27.159.167.218:9999,9999,福建莆田,高匿,HTTP,19-09-23 12:20
https://171.11.178.72:9999,9999,河南,高匿,HTTP,19-09-23 12:20
https://125.123.66.24:9999,9999,浙江嘉兴,高匿,HTTP,19-09-23 12:20
https://1.197.16.97:9999,9999,河南许昌,高匿,HTTP,19-09-23 12:20
https://120.83.96.207:9999,9999,广东揭阳市普宁,高匿,HTTPS,19-09-23 12:00
https://1.197.204.18:9999,9999,河南济源,高匿,HTTPS,19-09-23 12:00
https://120.83.108.202:9999,9999,广东揭阳市普宁,高匿,HTTPS,19-09-23 12:00
https://1.197.203.106:9999,9999,河南济源,高匿,HTTPS,19-09-23 12:00
https://59.57.148.133:9999,9999,福建厦门,高匿,HTTPS,19-09-23 11:01
https://117.28.97.129:9999,9999,福建泉州,高匿,HTTP,19-09-23 10:21
https://49.73.157.126:9999,9999,江苏苏州,高匿,HTTP,19-09-23 10:20
https://1.198.73.79:9999,9999,河南,高匿,HTTP,19-09-23 10:20
https://1.197.203.35:9999,9999,河南济源,高匿,HTTP,19-09-23 10:20
https://1.198.73.77:9999,9999,河南,高匿,HTTP,19-09-23 10:20
https://42.238.91.234:9999,9999,河南,高匿,HTTPS,19-09-23 10:00
https://120.83.107.5:9999,9999,广东揭阳市普宁,高匿,HTTP,19-09-23 10:00
https://222.189.244.224:9999,9999,江苏扬州,高匿,HTTP,19-09-23 09:20
https://110.86.137.72:9999,9999,福建宁德,高匿,HTTP,19-09-23 09:20
https://27.159.165.23:9999,9999,福建莆田,高匿,HTTP,19-09-23 09:20
https://112.87.71.12:9999,9999,江苏宿迁,高匿,HTTPS,19-09-23 09:00
https://113.121.20.166:9999,9999,山东烟台市莱阳,高匿,HTTP,19-09-23 09:00
https://1.197.11.12:9999,9999,河南许昌,高匿,HTTPS,19-09-23 09:00
https://123.163.96.145:9999,9999,河南洛阳,高匿,HTTPS,19-09-23 09:00
https://110.86.139.243:9999,9999,福建宁德,高匿,HTTP,19-09-23 08:21
https://27.159.164.97:9999,9999,福建莆田,高匿,HTTP,19-09-23 08:21
https://113.120.37.155:9999,9999,山东济南,高匿,HTTP,19-09-23 08:20
https://1.197.204.207:9999,9999,河南济源,高匿,HTTP,19-09-23 08:20
https://110.86.139.93:9999,9999,福建宁德,高匿,HTTPS,19-09-23 08:20
https://1.197.203.209:9999,9999,河南济源,高匿,HTTPS,19-09-23 08:20
https://120.83.105.218:9999,9999,广东揭阳,高匿,HTTP,19-09-23 08:00
https://117.57.91.73:9999,9999,安徽淮北,高匿,HTTPS,19-09-23 08:00
https://123.54.52.242:9999,9999,河南商丘,高匿,HTTPS,19-09-23 08:00
https://1.198.72.106:9999,9999,河南,高匿,HTTPS,19-09-23 08:00
https://113.120.63.136:9999,9999,山东济南,高匿,HTTP,19-09-23 07:21
https://110.86.138.135:9999,9999,福建宁德,高匿,HTTP,19-09-23 07:20
https://27.43.191.65:9999,9999,广东梅州,高匿,HTTPS,19-09-23 07:20
https://125.123.121.120:9999,9999,浙江嘉兴市桐乡,高匿,HTTP,19-09-23 07:20
https://113.121.20.167:9999,9999,山东烟台市莱阳,高匿,HTTPS,19-09-23 07:20
https://59.57.38.195:9999,9999,福建泉州,高匿,HTTP,19-09-23 07:20
https://110.86.136.88:9999,9999,福建宁德,高匿,HTTPS,19-09-23 07:00
https://120.83.108.20:9999,9999,广东揭阳市普宁,高匿,HTTP,19-09-23 07:00
https://1.197.204.153:9999,9999,河南济源,高匿,HTTP,19-09-23 07:00
https://49.70.95.61:9999,9999,江苏苏州,高匿,HTTP,19-09-23 06:20
https://120.83.106.243:9999,9999,广东揭阳,高匿,HTTP,19-09-23 06:20
https://27.159.166.60:9999,9999,福建莆田,高匿,HTTP,19-09-23 06:20
https://183.165.40.192:9999,9999,安徽宣城,高匿,HTTP,19-09-23 06:20
https://1.197.203.85:9999,9999,河南济源,高匿,HTTPS,19-09-23 06:20
https://125.123.120.46:9999,9999,浙江嘉兴市桐乡,高匿,HTTPS,19-09-23 06:00
https://182.34.32.73:9999,9999,山东烟台,高匿,HTTP,19-09-23 06:00
https://117.28.96.157:9999,9999,福建泉州,高匿,HTTPS,19-09-23 06:00
https://120.83.97.9:9999,9999,广东揭阳市普宁,高匿,HTTPS,19-09-23 06:00
https://110.86.139.87:9999,9999,福建宁德,高匿,HTTPS,19-09-23 06:00
https://125.123.123.171:9999,9999,浙江嘉兴市桐乡,高匿,HTTP,19-09-23 05:21
https://182.116.233.145:9999,9999,河南濮阳,高匿,HTTP,19-09-23 05:21
https://125.123.122.38:9999,9999,浙江嘉兴市桐乡,高匿,HTTP,19-09-23 05:21
https://112.85.169.50:9999,9999,江苏南通,高匿,HTTP,19-09-23 05:20
https://27.159.164.53:9999,9999,福建莆田,高匿,HTTP,19-09-23 05:20
https://123.163.96.33:9999,9999,河南洛阳,高匿,HTTP,19-09-23 05:20
https://114.99.27.97:8010,8010,安徽安庆,高匿,HTTPS,19-09-23 05:00
https://1.197.204.212:9999,9999,河南济源,高匿,HTTPS,19-09-23 04:21
https://120.83.96.173:9999,9999,广东揭阳市普宁,高匿,HTTPS,19-09-23 04:21
https://218.75.69.50:39590,39590,浙江杭州,高匿,HTTPS,19-09-23 04:20
https://125.123.127.253:9999,9999,浙江嘉兴市桐乡,高匿,HTTP,19-09-23 04:20
https://117.85.168.23:8118,8118,江苏无锡,高匿,HTTP,19-09-23 04:00
https://119.138.225.45:8118,8118,广东云浮,高匿,HTTPS,19-09-23 04:00
https://119.129.238.190:8118,8118,广东广州市天河区,高匿,HTTP,19-09-23 03:20
https://60.13.42.192:9999,9999,甘肃平凉,高匿,HTTP,19-09-23 03:20
https://110.86.138.56:9999,9999,福建宁德,高匿,HTTPS,19-09-23 03:00
https://110.189.152.86:52277,52277,四川自贡,高匿,HTTPS,19-09-23 03:00
https://119.134.110.245:8118,8118,广东茂名,高匿,HTTP,19-09-23 02:20
https://180.154.225.250:8118,8118,上海,高匿,HTTP,19-09-23 02:20
https://163.204.241.143:9999,9999,广东,高匿,HTTP,19-09-23 02:20
https://125.123.126.73:9999,9999,浙江嘉兴市桐乡,高匿,HTTP,19-09-23 02:20
https://163.204.240.252:9999,9999,广东,高匿,HTTPS,19-09-23 02:20
https://36.248.133.202:9999,9999,福建福州,高匿,HTTPS,19-09-23 02:00
https://49.83.23.59:8118,8118,江苏盐城,高匿,HTTPS,19-09-23 02:00
https://163.204.247.3:9999,9999,广东,高匿,HTTP,19-09-23 02:00
https://110.86.137.176:9999,9999,福建宁德,高匿,HTTPS,19-09-23 02:00
https://120.83.104.41:9999,9999,广东揭阳,高匿,HTTP,19-09-23 01:20
https://120.83.106.108:9999,9999,广东揭阳,高匿,HTTP,19-09-23 01:20
https://36.248.132.19:9999,9999,福建福州,高匿,HTTP,19-09-23 01:20
https://59.32.37.205:8010,8010,广东河源,高匿,HTTPS,19-09-23 01:20
https://59.32.37.28:8010,8010,广东河源,高匿,HTTP,19-09-23 01:00
https://114.225.137.163:8118,8118,江苏无锡,高匿,HTTP,19-09-23 00:21
https://113.86.151.190:8118,8118,广东湛江,高匿,HTTP,19-09-23 00:21
https://175.42.122.181:9999,9999,福建宁德,高匿,HTTP,19-09-23 00:20
https://27.152.90.245:9999,9999,福建泉州,高匿,HTTPS,19-09-23 00:00
https://27.152.91.249:9999,9999,福建泉州,高匿,HTTPS,19-09-23 00:00
https://36.248.129.138:9999,9999,福建福州,高匿,HTTPS,19-09-23 00:00
https://27.152.8.120:9999,9999,福建泉州,高匿,HTTPS,19-09-23 00:00
https://27.152.90.157:9999,9999,福建泉州,高匿,HTTPS,19-09-23 00:00
https://27.152.91.96:9999,9999,福建泉州,高匿,HTTPS,19-09-23 00:00
https://175.155.142.171:1133,1133,四川德阳,高匿,HTTPS,19-09-23 00:00
https://123.101.215.227:9999,9999,河南郑州,高匿,HTTP,19-09-22 23:20
https://1.197.203.222:9999,9999,河南济源,高匿,HTTP,19-09-22 23:20
https://123.163.97.59:9999,9999,河南洛阳,高匿,HTTPS,19-09-22 23:20
https://171.12.113.201:9999,9999,河南,高匿,HTTP,19-09-22 23:20
https://123.163.96.204:9999,9999,河南洛阳,高匿,HTTP,19-09-22 23:20
https://58.253.152.153:9999,9999,广东揭阳,高匿,HTTP,19-09-25 21:20
https://110.86.139.173:9999,9999,福建宁德,高匿,HTTP,19-09-25 21:20
https://1.197.203.66:9999,9999,河南济源,高匿,HTTPS,19-09-25 21:20
https://175.148.75.101:1133,1133,辽宁葫芦岛,高匿,HTTPS,19-09-25 21:20
https://49.89.85.171:33726,33726,江苏宿迁,高匿,HTTPS,19-09-25 21:20
https://110.86.139.70:9999,9999,福建宁德,高匿,HTTP,19-09-25 21:20
https://122.230.43.41:9999,9999,浙江湖州,高匿,HTTPS,19-09-25 21:00
https://27.154.34.146:31527,31527,福建厦门,高匿,HTTPS,19-09-25 21:00
https://1.198.73.36:9999,9999,河南,高匿,HTTP,19-09-25 21:00
https://123.101.110.67:9999,9999,河南郑州,高匿,HTTPS,19-09-25 21:00
https://163.204.246.103:9999,9999,广东,高匿,HTTP,19-09-25 21:00
https://171.12.113.133:9999,9999,河南,高匿,HTTPS,19-09-25 21:00
https://110.86.137.194:9999,9999,福建宁德,高匿,HTTPS,19-09-25 21:00
https://222.89.32.172:9999,9999,河南济源,高匿,HTTPS,19-09-25 20:20
https://114.239.251.69:9999,9999,江苏宿迁市泗阳县,高匿,HTTP,19-09-25 20:20
https://1.197.204.30:9999,9999,河南济源,高匿,HTTPS,19-09-25 20:20
https://27.159.164.23:9999,9999,福建莆田,高匿,HTTP,19-09-25 20:20
https://27.159.167.199:9999,9999,福建莆田,高匿,HTTP,19-09-25 20:20
https://1.199.31.115:9999,9999,河南漯河,高匿,HTTP,19-09-25 20:20
https://1.199.31.118:9999,9999,河南漯河,高匿,HTTP,19-09-25 20:20
https://222.189.244.181:9999,9999,江苏扬州,高匿,HTTPS,19-09-25 20:00
https://112.87.69.239:9999,9999,江苏宿迁,高匿,HTTPS,19-09-25 20:00
https://1.197.204.187:9999,9999,河南济源,高匿,HTTP,19-09-25 20:00
https://27.159.166.152:9999,9999,福建莆田,高匿,HTTP,19-09-25 19:20
https://27.43.187.156:9999,9999,广东梅州,高匿,HTTP,19-09-25 19:20
https://27.159.166.142:9999,9999,福建莆田,高匿,HTTP,19-09-25 19:20
https://27.159.166.12:9999,9999,福建莆田,高匿,HTTP,19-09-25 19:20
https://119.120.77.179:9999,9999,广东中山,高匿,HTTP,19-09-25 19:20
https://113.194.30.2:9999,9999,江西,高匿,HTTP,19-09-25 19:20
https://1.197.178.153:36510,36510,河南南阳,高匿,HTTPS,19-09-25 19:20
https://1.197.203.252:9999,9999,河南济源,高匿,HTTP,19-09-25 19:20
https://171.35.167.93:9999,9999,江西,高匿,HTTPS,19-09-25 19:00
https://27.159.167.237:9999,9999,福建莆田,高匿,HTTPS,19-09-25 19:00
https://113.194.50.95:9999,9999,江西,高匿,HTTPS,19-09-25 19:00
https://120.83.108.173:9999,9999,广东揭阳市普宁,高匿,HTTP,19-09-25 18:21
https://110.86.136.4:9999,9999,福建宁德,高匿,HTTP,19-09-25 18:21
https://171.12.41.199:9999,9999,河南,高匿,HTTP,19-09-25 18:21
https://112.85.169.227:9999,9999,江苏南通,高匿,HTTP,19-09-25 18:21
https://120.83.121.215:9999,9999,广东揭阳,高匿,HTTP,19-09-25 18:20
https://123.163.96.28:9999,9999,河南洛阳,高匿,HTTPS,19-09-25 18:20
https://125.123.124.0:9999,9999,浙江嘉兴市桐乡,高匿,HTTP,19-09-25 18:20
https://182.107.177.41:9999,9999,江西,高匿,HTTP,19-09-25 18:20
https://125.123.67.85:9999,9999,浙江嘉兴,高匿,HTTP,19-09-25 18:20
https://1.197.203.179:9999,9999,河南济源,高匿,HTTP,19-09-25 18:00
https://42.238.88.88:9999,9999,河南,高匿,HTTP,19-09-25 17:21
https://59.57.149.108:9999,9999,福建厦门,高匿,HTTP,19-09-25 17:21
https://171.11.178.183:9999,9999,河南,高匿,HTTP,19-09-25 17:20
https://120.83.108.12:9999,9999,广东揭阳市普宁,高匿,HTTP,19-09-25 17:00
https://59.57.149.179:9999,9999,福建厦门,高匿,HTTP,19-09-25 16:21
https://125.123.67.123:9999,9999,浙江嘉兴,高匿,HTTP,19-09-25 16:20
https://163.204.245.131:9999,9999,广东,高匿,HTTP,19-09-25 16:20
https://27.159.165.75:9999,9999,福建莆田,高匿,HTTP,19-09-25 16:20
https://27.159.164.230:9999,9999,福建莆田,高匿,HTTP,19-09-25 16:20
https://125.123.120.246:9999,9999,浙江嘉兴市桐乡,高匿,HTTPS,19-09-25 16:00
https://120.83.104.250:9999,9999,广东揭阳,高匿,HTTP,19-09-25 16:00
https://123.101.67.46:9999,9999,河南郑州,高匿,HTTPS,19-09-25 15:20
https://27.152.91.193:9999,9999,福建泉州,高匿,HTTP,19-09-25 15:20
https://110.86.137.151:9999,9999,福建宁德,高匿,HTTP,19-09-25 15:20
https://110.86.137.201:9999,9999,福建宁德,高匿,HTTP,19-09-25 15:20
https://110.86.137.154:9999,9999,福建宁德,高匿,HTTP,19-09-25 15:20
https://120.83.107.242:9999,9999,广东揭阳市普宁,高匿,HTTP,19-09-25 15:20
https://113.120.39.225:9999,9999,山东济南,高匿,HTTP,19-09-25 15:20
https://110.86.137.84:9999,9999,福建宁德,高匿,HTTP,19-09-25 15:20
https://171.11.29.252:9999,9999,河南,高匿,HTTP,19-09-25 15:20
https://110.86.137.102:9999,9999,福建宁德,高匿,HTTP,19-09-25 15:20
https://125.123.127.144:9999,9999,浙江嘉兴市桐乡,高匿,HTTPS,19-09-25 15:00
https://120.83.105.127:9999,9999,广东揭阳,高匿,HTTP,19-09-25 15:00
https://171.13.137.176:9999,9999,河南,高匿,HTTPS,19-09-25 15:00
https://42.238.87.254:9999,9999,河南,高匿,HTTP,19-09-25 14:00
https://1.197.16.69:9999,9999,河南许昌,高匿,HTTPS,19-09-25 14:00
https://123.163.122.124:9999,9999,河南洛阳,高匿,HTTPS,19-09-25 14:00
https://27.152.90.161:9999,9999,福建泉州,高匿,HTTPS,19-09-25 14:00
https://27.204.117.154:9999,9999,山东滨州,高匿,HTTP,19-09-25 13:21
https://59.57.148.200:9999,9999,福建厦门,高匿,HTTP,19-09-25 13:21
https://125.123.123.214:9999,9999,浙江嘉兴市桐乡,高匿,HTTP,19-09-25 13:00
https://222.189.245.252:9999,9999,江苏扬州,高匿,HTTPS,19-09-25 13:00
https://59.57.148.123:9999,9999,福建厦门,高匿,HTTP,19-09-25 12:21
https://59.57.38.111:9999,9999,福建泉州,高匿,HTTP,19-09-25 12:20
https://1.198.73.160:9999,9999,河南,高匿,HTTP,19-09-25 12:20
https://27.152.91.135:9999,9999,福建泉州,高匿,HTTPS,19-09-25 12:01
https://125.45.91.46:9999,9999,河南漯河,高匿,HTTPS,19-09-25 12:00
https://112.87.68.9:9999,9999,江苏宿迁,高匿,HTTPS,19-09-25 11:21
https://59.62.119.153:9999,9999,江西鹰潭,高匿,HTTP,19-09-25 11:20
https://120.83.109.149:9999,9999,广东揭阳市普宁,高匿,HTTPS,19-09-25 11:00
https://58.253.157.238:9999,9999,广东揭阳,高匿,HTTPS,19-09-25 11:00
https://182.35.85.217:9999,9999,山东泰安,高匿,HTTP,19-09-25 11:00
https://120.83.99.220:9999,9999,广东揭阳市普宁,高匿,HTTP,19-09-25 10:20
https://27.152.91.2:9999,9999,福建泉州,高匿,HTTP,19-09-25 10:20
https://58.253.153.178:9999,9999,广东揭阳,高匿,HTTP,19-09-25 10:20
https://27.43.188.71:9999,9999,广东梅州,高匿,HTTP,19-09-25 10:20
https://222.89.32.163:9999,9999,河南济源,高匿,HTTPS,19-09-25 10:20
https://49.73.157.109:9999,9999,江苏苏州,高匿,HTTP,19-09-25 10:20
https://125.123.64.96:9999,9999,浙江嘉兴,高匿,HTTP,19-09-25 10:20
https://1.197.203.6:9999,9999,河南济源,高匿,HTTPS,19-09-25 10:20
https://218.91.94.126:9999,9999,江苏扬州,高匿,HTTPS,19-09-25 10:00
https://180.119.68.88:9999,9999,江苏扬州,高匿,HTTPS,19-09-25 10:00
https://49.89.222.18:9999,9999,江苏宿迁,高匿,HTTPS,19-09-25 10:00
https://27.159.165.209:9999,9999,福建莆田,高匿,HTTP,19-09-25 09:20
https://27.159.165.163:9999,9999,福建莆田,高匿,HTTP,19-09-25 09:20
https://27.43.184.57:9999,9999,广东梅州,高匿,HTTPS,19-09-25 09:00
https://125.123.123.245:25226,25226,浙江嘉兴市桐乡,高匿,HTTPS,19-09-25 08:21
https://114.239.0.159:808,808,江苏宿迁,高匿,HTTP,19-09-25 08:21
https://123.188.0.172:1133,1133,辽宁葫芦岛,高匿,HTTP,19-09-25 08:21
https://120.83.109.61:9999,9999,广东揭阳市普宁,高匿,HTTP,19-09-25 08:21
https://125.123.122.254:9999,9999,浙江嘉兴市桐乡,高匿,HTTP,19-09-25 08:20
https://123.160.69.86:9999,9999,河南郑州,高匿,HTTPS,19-09-25 08:00
https://117.95.232.191:9999,9999,江苏宿迁,高匿,HTTPS,19-09-25 08:00
https://125.123.64.64:9999,9999,浙江嘉兴,高匿,HTTPS,19-09-25 08:00
https://1.197.203.188:9999,9999,河南济源,高匿,HTTP,19-09-25 08:00
https://117.95.214.251:9999,9999,江苏宿迁,高匿,HTTPS,19-09-25 08:00
https://222.188.17.40:61234,61234,江苏盐城,高匿,HTTPS,19-09-25 08:00
https://125.123.120.187:9999,9999,浙江嘉兴市桐乡,高匿,HTTP,19-09-25 07:21
https://27.204.117.106:9999,9999,山东滨州,高匿,HTTP,19-09-25 07:21
https://27.204.119.114:9999,9999,山东滨州,高匿,HTTP,19-09-25 07:20
https://125.123.125.22:9999,9999,浙江嘉兴市桐乡,高匿,HTTPS,19-09-25 07:00
https://1.198.72.221:9999,9999,河南,高匿,HTTPS,19-09-25 07:00
https://1.198.72.216:9999,9999,河南,高匿,HTTP,19-09-25 07:00
https://218.91.94.94:9999,9999,江苏扬州,高匿,HTTPS,19-09-25 07:00
https://111.170.105.104:61234,61234,贵州贵阳,高匿,HTTP,19-09-25 06:21
https://120.83.106.162:9999,9999,广东揭阳,高匿,HTTPS,19-09-25 06:21
https://125.123.66.42:9999,9999,浙江嘉兴,高匿,HTTP,19-09-25 06:20
https://110.86.139.138:9999,9999,福建宁德,高匿,HTTP,19-09-25 06:20
https://59.57.148.92:9999,9999,福建厦门,高匿,HTTPS,19-09-25 06:00
https://113.12.202.50:40498,40498,广西南宁,高匿,HTTPS,19-09-25 06:00
https://221.6.32.206:50925,50925,江苏南京,高匿,HTTPS,19-09-25 06:00
https://113.124.94.195:9999,9999,山东烟台,高匿,HTTPS,19-09-25 06:00
https://110.86.137.219:9999,9999,福建宁德,高匿,HTTP,19-09-25 06:00
https://182.34.36.73:9999,9999,山东烟台,高匿,HTTPS,19-09-25 06:00
https://27.159.167.229:9999,9999,福建莆田,高匿,HTTPS,19-09-25 06:00
https://110.86.138.1:9999,9999,福建宁德,高匿,HTTPS,19-09-25 06:00
https://110.86.136.151:9999,9999,福建宁德,高匿,HTTP,19-09-25 05:20
https://171.13.103.90:9999,9999,河南,高匿,HTTP,19-09-25 05:20
https://125.123.120.146:9999,9999,浙江嘉兴市桐乡,高匿,HTTP,19-09-25 05:20
https://125.123.64.147:9999,9999,浙江嘉兴,高匿,HTTP,19-09-25 05:20
https://125.123.69.167:9999,9999,浙江嘉兴,高匿,HTTP,19-09-25 05:20
https://110.86.136.177:9999,9999,福建宁德,高匿,HTTPS,19-09-25 05:20
https://123.163.122.230:9999,9999,河南洛阳,高匿,HTTP,19-09-25 05:20
https://1.198.72.207:9999,9999,河南,高匿,HTTP,19-09-25 05:20
https://114.239.145.152:808,808,江苏宿迁市泗阳县,高匿,HTTPS,19-09-25 05:20
https://27.204.81.152:9999,9999,山东滨州,高匿,HTTPS,19-09-25 05:00
https://115.223.95.83:8010,8010,浙江温州,高匿,HTTP,19-09-25 05:00
https://118.24.175.158:8080,8080,null,高匿,HTTPS,19-09-25 05:00
https://61.189.242.243:55484,55484,贵州六盘水,高匿,HTTPS,19-09-25 05:00
https://113.121.64.27:9999,9999,山东,高匿,HTTPS,19-09-25 05:00
https://125.123.127.148:9999,9999,浙江嘉兴市桐乡,高匿,HTTP,19-09-25 04:20
https://27.159.165.76:9999,9999,福建莆田,高匿,HTTP,19-09-25 04:20
https://27.159.165.184:9999,9999,福建莆田,高匿,HTTP,19-09-25 04:20
https://110.86.136.242:9999,9999,福建宁德,高匿,HTTP,19-09-25 04:20
https://125.123.70.30:9999,9999,浙江嘉兴,高匿,HTTP,19-09-25 04:20
https://110.86.136.199:9999,9999,福建宁德,高匿,HTTP,19-09-25 04:20
https://110.86.136.248:9999,9999,福建宁德,高匿,HTTPS,19-09-25 04:20
https://125.123.66.49:9999,9999,浙江嘉兴,高匿,HTTP,19-09-25 04:20
https://115.29.3.37:80,80,北京,高匿,HTTP,19-09-25 04:20
https://123.101.237.202:9999,9999,河南郑州,高匿,HTTPS,19-09-25 04:00
https://183.166.21.66:9999,9999,安徽淮南,高匿,HTTPS,19-09-25 04:00
https://171.35.168.68:9999,9999,江西,高匿,HTTP,19-09-25 04:00
https://125.123.70.62:9999,9999,浙江嘉兴,高匿,HTTPS,19-09-25 04:00
https://125.123.125.210:9999,9999,浙江嘉兴市桐乡,高匿,HTTPS,19-09-25 04:00
https://110.86.136.133:9999,9999,福建宁德,高匿,HTTP,19-09-25 03:20
https://27.159.165.73:9999,9999,福建莆田,高匿,HTTP,19-09-25 03:20
https://182.35.80.10:9999,9999,山东泰安,高匿,HTTP,19-09-25 03:20
https://49.83.59.101:8118,8118,江苏盐城,高匿,HTTPS,19-09-25 03:20
https://110.86.138.133:9999,9999,福建宁德,高匿,HTTP,19-09-25 03:20
https://1.199.194.85:9999,9999,河南新乡,高匿,HTTP,19-09-25 03:20
https://125.123.121.255:9999,9999,浙江嘉兴市桐乡,高匿,HTTPS,19-09-25 03:00
https://182.35.84.105:9999,9999,山东泰安,高匿,HTTPS,19-09-25 03:00
https://110.86.139.130:9999,9999,福建宁德,高匿,HTTP,19-09-25 03:00
https://59.57.148.93:9999,9999,福建厦门,高匿,HTTPS,19-09-25 03:00
https://123.169.123.72:9999,9999,山东淄博,高匿,HTTPS,19-09-25 03:00
https://183.166.70.115:9999,9999,安徽淮南,高匿,HTTPS,19-09-25 03:00
https://27.159.164.165:9999,9999,福建莆田,高匿,HTTPS,19-09-25 03:00
https://218.73.141.54:9999,9999,浙江温州,高匿,HTTP,19-09-25 02:20
https://113.120.36.84:9999,9999,山东济南,高匿,HTTP,19-09-25 02:20
https://113.121.67.58:9999,9999,山东,高匿,HTTP,19-09-25 02:20
https://27.159.167.157:9999,9999,福建莆田,高匿,HTTP,19-09-25 02:20
https://27.159.165.19:9999,9999,福建莆田,高匿,HTTP,19-09-25 02:20
https://125.123.70.85:9999,9999,浙江嘉兴,高匿,HTTP,19-09-25 02:20
https://125.123.120.30:9999,9999,浙江嘉兴市桐乡,高匿,HTTP,19-09-25 02:20
https://60.216.101.46:59351,59351,山东济南,高匿,HTTP,19-09-25 02:20
https://222.93.105.7:8118,8118,江苏苏州,高匿,HTTPS,19-09-25 02:00
https://125.123.69.115:9999,9999,浙江嘉兴,高匿,HTTPS,19-09-25 02:00
https://110.86.137.124:9999,9999,福建宁德,高匿,HTTPS,19-09-25 02:00
https://183.166.139.81:9999,9999,安徽合肥,高匿,HTTPS,19-09-25 02:00
https://110.86.138.157:9999,9999,福建宁德,高匿,HTTP,19-09-25 02:00
https://110.86.138.106:49800,49800,福建宁德,高匿,HTTPS,19-09-25 02:00
https://110.86.137.59:9999,9999,福建宁德,高匿,HTTPS,19-09-25 02:00
https://27.159.165.90:9999,9999,福建莆田,高匿,HTTP,19-09-25 01:20
https://125.123.65.219:9999,9999,浙江嘉兴,高匿,HTTP,19-09-25 01:20
https://183.166.7.69:9999,9999,安徽淮南,高匿,HTTP,19-09-25 01:20
https://1.193.244.250:9999,9999,河南洛阳,高匿,HTTP,19-09-25 01:20
https://112.87.69.241:9999,9999,江苏宿迁,高匿,HTTPS,19-09-25 01:20
https://115.219.111.197:8010,8010,浙江温州,高匿,HTTPS,19-09-25 01:20
https://125.123.124.242:9999,9999,浙江嘉兴市桐乡,高匿,HTTP,19-09-25 01:20
https://113.103.226.69:61234,61234,广东中山,高匿,HTTP,19-09-25 01:20
https://123.160.69.213:9999,9999,河南郑州,高匿,HTTPS,19-09-25 01:00
https://114.239.255.68:808,808,江苏宿迁市泗阳县,高匿,HTTPS,19-09-25 01:00
https://59.32.37.175:8010,8010,广东河源,高匿,HTTP,19-09-25 01:00
https://119.254.94.93:46323,46323,北京,高匿,HTTPS,19-09-25 01:00
https://123.52.97.106:9999,9999,河南郑州,高匿,HTTPS,19-09-25 01:00
https://123.163.20.107:9999,9999,河南洛阳,高匿,HTTP,19-09-25 00:20
https://182.35.81.86:9999,9999,山东泰安,高匿,HTTP,19-09-25 00:20
https://118.24.181.184:8118,8118,null,高匿,HTTP,19-09-25 00:20
https://123.169.115.149:9999,9999,山东淄博,高匿,HTTP,19-09-25 00:20
https://125.123.64.222:9999,9999,浙江嘉兴,高匿,HTTP,19-09-25 00:20
https://115.238.59.86:53400,53400,浙江杭州,高匿,HTTPS,19-09-25 00:20
https://110.86.138.36:9999,9999,福建宁德,高匿,HTTP,19-09-25 00:20
https://125.123.124.64:9999,9999,浙江嘉兴市桐乡,高匿,HTTP,19-09-25 00:20
https://123.54.44.243:9999,9999,河南商丘,高匿,HTTPS,19-09-25 00:00
https://110.86.138.233:9999,9999,福建宁德,高匿,HTTP,19-09-25 00:00
https://114.106.151.153:61234,61234,安徽池州,高匿,HTTPS,19-09-25 00:00
https://171.13.203.68:9999,9999,河南,高匿,HTTPS,19-09-25 00:00
https://125.123.69.163:9999,9999,浙江嘉兴,高匿,HTTPS,19-09-25 00:00
https://58.22.177.184:9999,9999,福建南平,高匿,HTTP,19-09-24 23:20
https://110.86.139.33:9999,9999,福建宁德,高匿,HTTP,19-09-24 23:20
https://125.123.123.203:9999,9999,浙江嘉兴市桐乡,高匿,HTTP,19-09-24 23:20
https://125.123.66.131:9999,9999,浙江嘉兴,高匿,HTTP,19-09-24 23:20
https://125.123.125.107:9999,9999,浙江嘉兴市桐乡,高匿,HTTP,19-09-24 23:20
https://175.42.122.58:9999,9999,福建宁德,高匿,HTTP,19-09-24 23:20
https://125.123.123.199:9999,9999,浙江嘉兴市桐乡,高匿,HTTPS,19-09-24 23:20
https://125.123.64.128:9999,9999,浙江嘉兴,高匿,HTTP,19-09-24 23:20
https://115.53.20.198:9999,9999,河南濮阳,高匿,HTTP,19-09-24 23:20
https://27.43.184.142:9999,9999,广东梅州,高匿,HTTPS,19-09-24 23:00
https://218.91.94.251:9999,9999,江苏扬州,高匿,HTTPS,19-09-24 23:00
https://113.121.23.214:34048,34048,山东,高匿,HTTPS,19-09-24 23:00
https://114.239.149.217:808,808,江苏宿迁市泗阳县,高匿,HTTPS,19-09-24 23:00
https://110.86.139.176:9999,9999,福建宁德,高匿,HTTP,19-09-24 22:21
https://222.189.190.10:9999,9999,江苏扬州,高匿,HTTP,19-09-24 22:20
https://110.86.139.146:9999,9999,福建宁德,高匿,HTTP,19-09-24 22:20
https://1.198.72.243:9999,9999,河南,高匿,HTTP,19-09-24 22:20
https://171.11.29.148:9999,9999,河南,高匿,HTTP,19-09-24 21:20
https://114.239.253.118:9999,9999,江苏宿迁市泗阳县,高匿,HTTPS,19-09-24 21:20
https://125.123.65.225:9999,9999,浙江嘉兴,高匿,HTTP,19-09-24 21:20
https://171.11.178.101:9999,9999,河南,高匿,HTTP,19-09-24 21:20
https://27.159.167.251:9999,9999,福建莆田,高匿,HTTP,19-09-24 21:20
https://1.197.204.61:9999,9999,河南济源,高匿,HTTP,19-09-24 21:20
https://110.86.138.236:9999,9999,福建宁德,高匿,HTTP,19-09-24 21:20
https://123.163.122.192:9999,9999,河南洛阳,高匿,HTTP,19-09-24 21:20
https://222.189.247.127:808,808,江苏扬州,高匿,HTTP,19-09-24 21:00
https://1.197.203.229:9999,9999,河南济源,高匿,HTTPS,19-09-24 21:00
https://110.86.138.186:9999,9999,福建宁德,高匿,HTTP,19-09-24 20:20
https://42.238.86.180:9999,9999,河南,高匿,HTTPS,19-09-24 20:20
https://218.91.94.8:9999,9999,江苏扬州,高匿,HTTP,19-09-24 20:20
https://1.199.31.68:9999,9999,河南漯河,高匿,HTTP,19-09-24 20:20
https://110.86.138.214:9999,9999,福建宁德,高匿,HTTP,19-09-24 20:20
https://113.121.36.62:9999,9999,山东烟台,高匿,HTTP,19-09-24 20:20
https://113.120.60.144:9999,9999,山东济南,高匿,HTTP,19-09-24 20:20
