https://114.230.69.38:9999,9999,江苏扬州,高匿,HTTP,19-11-02 12:20
https://222.89.32.170:9999,9999,河南济源,高匿,HTTP,19-11-02 12:20
https://117.57.91.15:43059,43059,安徽淮北,高匿,HTTPS,19-11-02 12:20
https://59.57.148.122:9999,9999,福建厦门,高匿,HTTP,19-11-02 12:20
https://183.164.238.194:9999,9999,安徽宿州,高匿,HTTP,19-11-02 12:20
https://27.152.91.109:9999,9999,福建泉州,高匿,HTTPS,19-11-02 12:20
https://59.57.148.81:9999,9999,福建厦门,高匿,HTTPS,19-11-02 12:20
https://114.233.202.47:8118,8118,江苏泰州,高匿,HTTP,19-11-02 12:20
https://49.70.48.181:9999,9999,江苏苏州,高匿,HTTP,19-11-02 12:20
https://114.239.253.75:9999,9999,江苏宿迁市泗阳县,高匿,HTTP,19-11-02 12:20
https://120.83.109.22:9999,9999,广东揭阳市普宁,高匿,HTTP,19-11-02 12:00
https://59.57.149.27:9999,9999,福建厦门,高匿,HTTP,19-11-02 11:21
https://182.35.87.126:9999,9999,山东泰安,高匿,HTTP,19-11-02 11:20
https://106.111.9.253:9999,9999,广东,高匿,HTTP,19-11-02 11:20
https://183.164.238.92:9999,9999,安徽宿州,高匿,HTTP,19-11-02 11:20
https://121.205.13.12:9999,9999,福建泉州,高匿,HTTP,19-11-02 11:20
https://113.194.29.69:9999,9999,江西,高匿,HTTP,19-11-02 11:20
https://27.152.91.9:9999,9999,福建泉州,高匿,HTTPS,19-11-02 11:00
https://182.35.85.156:9999,9999,山东泰安,高匿,HTTPS,19-11-02 11:00
https://182.34.34.34:9999,9999,山东烟台,高匿,HTTPS,19-11-02 11:00
https://118.212.104.105:9999,9999,江西赣州,高匿,HTTPS,19-11-02 11:00
https://49.71.133.152:9999,9999,江苏苏州,高匿,HTTPS,19-11-02 11:00
https://121.226.215.116:9999,9999,江苏连云港,高匿,HTTP,19-11-02 10:20
https://180.123.11.80:9999,9999,江苏徐州,高匿,HTTPS,19-11-02 10:20
https://182.35.80.190:9999,9999,山东泰安,高匿,HTTP,19-11-02 10:20
https://117.57.90.179:9999,9999,安徽淮北,高匿,HTTP,19-11-02 10:20
https://117.69.201.254:9999,9999,安徽淮北,高匿,HTTP,19-11-02 10:20
https://171.13.137.160:9999,9999,河南,高匿,HTTP,19-11-02 10:20
https://183.166.102.14:9999,9999,安徽淮南,高匿,HTTPS,19-11-02 10:00
https://36.25.41.148:9999,9999,浙江,高匿,HTTPS,19-11-02 10:00
https://140.237.112.5:9999,9999,null,高匿,HTTPS,19-11-02 10:00
https://183.166.118.236:9999,9999,安徽淮南,高匿,HTTPS,19-11-02 10:00
https://27.152.90.81:9999,9999,福建泉州,高匿,HTTPS,19-11-02 10:00
https://182.35.83.4:9999,9999,山东泰安,高匿,HTTP,19-11-02 09:21
https://59.57.149.164:9999,9999,福建厦门,高匿,HTTP,19-11-02 09:20
https://114.239.151.197:808,808,江苏宿迁市泗阳县,高匿,HTTPS,19-11-02 09:20
https://49.70.85.119:9999,9999,江苏苏州,高匿,HTTP,19-11-02 09:20
https://183.166.119.26:9999,9999,安徽淮南,高匿,HTTP,19-11-02 09:20
https://117.95.192.100:9999,9999,江苏宿迁,高匿,HTTPS,19-11-02 09:00
https://59.57.148.151:9999,9999,福建厦门,高匿,HTTPS,19-11-02 09:00
https://183.154.54.128:9999,9999,浙江金华,高匿,HTTPS,19-11-02 09:00
https://113.121.38.205:9999,9999,山东烟台,高匿,HTTPS,19-11-02 09:00
https://117.57.90.239:9999,9999,安徽淮北,高匿,HTTPS,19-11-02 09:00
https://49.86.181.244:9999,9999,江苏,高匿,HTTPS,19-11-02 09:00
https://117.57.90.192:9999,9999,安徽淮北,高匿,HTTP,19-11-02 09:00
https://114.239.249.197:9999,9999,江苏宿迁市泗阳县,高匿,HTTP,19-11-02 08:20
https://115.210.71.203:9999,9999,浙江金华,高匿,HTTP,19-11-02 08:20
https://114.239.254.24:9999,9999,江苏宿迁市泗阳县,高匿,HTTP,19-11-02 08:20
https://114.239.29.97:9999,9999,江苏宿迁,高匿,HTTP,19-11-02 08:20
https://117.69.200.29:9999,9999,安徽淮北,高匿,HTTP,19-11-02 08:20
https://117.69.200.225:9999,9999,安徽淮北,高匿,HTTP,19-11-02 08:20
https://117.57.91.222:9999,9999,安徽淮北,高匿,HTTPS,19-11-02 08:00
https://117.69.201.46:9999,9999,安徽淮北,高匿,HTTPS,19-11-02 08:00
https://183.157.175.67:8118,8118,浙江杭州,高匿,HTTPS,19-11-02 08:00
https://113.121.23.199:808,808,山东,高匿,HTTPS,19-11-02 07:21
https://114.239.2.6:808,808,江苏宿迁,高匿,HTTP,19-11-02 07:20
https://117.57.91.122:9999,9999,安徽淮北,高匿,HTTP,19-11-02 07:20
https://117.57.90.46:9999,9999,安徽淮北,高匿,HTTPS,19-11-02 07:20
https://114.230.24.125:9999,9999,江苏扬州,高匿,HTTPS,19-11-02 07:00
https://27.152.91.80:9999,9999,福建泉州,高匿,HTTPS,19-11-02 07:00
https://27.152.91.165:9999,9999,福建泉州,高匿,HTTPS,19-11-02 07:00
https://60.13.42.129:9999,9999,甘肃平凉,高匿,HTTP,19-11-02 07:00
https://182.34.34.139:9999,9999,山东烟台,高匿,HTTPS,19-11-02 07:00
https://27.152.90.37:9999,9999,福建泉州,高匿,HTTPS,19-11-02 07:00
https://49.89.103.119:9999,9999,江苏宿迁,高匿,HTTP,19-11-02 06:20
https://49.70.89.119:9999,9999,江苏苏州,高匿,HTTP,19-11-02 06:20
https://117.57.90.148:9999,9999,安徽淮北,高匿,HTTP,19-11-02 06:20
https://117.57.90.106:9999,9999,安徽淮北,高匿,HTTP,19-11-02 06:20
https://59.57.38.29:9999,9999,福建泉州,高匿,HTTP,19-11-02 06:20
https://61.145.48.7:9999,9999,广东江门,高匿,HTTP,19-11-02 06:20
https://117.28.96.89:9999,9999,福建泉州,高匿,HTTP,19-11-02 06:00
https://117.57.91.208:9999,9999,安徽淮北,高匿,HTTPS,19-11-02 06:00
https://183.164.239.177:9999,9999,安徽宿州,高匿,HTTP,19-11-02 05:20
https://61.145.8.199:9999,9999,广东江门,高匿,HTTP,19-11-02 05:20
https://180.119.141.179:9999,9999,江苏扬州,高匿,HTTP,19-11-02 05:20
https://123.163.97.145:9999,9999,河南洛阳,高匿,HTTP,19-11-02 05:20
https://106.110.212.179:9999,9999,广东,高匿,HTTP,19-11-02 05:20
https://175.148.75.56:1133,1133,辽宁葫芦岛,高匿,HTTPS,19-11-02 05:20
https://116.62.134.173:9999,9999,河北,高匿,HTTPS,19-11-02 05:20
https://117.57.91.128:9999,9999,安徽淮北,高匿,HTTPS,19-11-02 05:00
https://115.219.110.108:8010,8010,浙江温州,高匿,HTTP,19-11-02 05:00
https://175.148.97.141:1133,1133,辽宁葫芦岛,高匿,HTTP,19-11-02 04:20
https://1.198.111.109:9999,9999,河南,高匿,HTTP,19-11-02 04:20
https://117.69.201.233:9999,9999,安徽淮北,高匿,HTTP,19-11-02 04:20
https://27.152.90.241:9999,9999,福建泉州,高匿,HTTP,19-11-02 04:20
https://113.121.21.203:26421,26421,山东,高匿,HTTPS,19-11-02 04:20
https://182.35.84.169:9999,9999,山东泰安,高匿,HTTPS,19-11-02 04:00
https://183.164.239.185:9999,9999,安徽宿州,高匿,HTTPS,19-11-02 03:20
https://171.12.113.142:9999,9999,河南,高匿,HTTP,19-11-02 03:20
https://123.101.214.165:9999,9999,河南郑州,高匿,HTTP,19-11-02 03:20
https://123.145.128.188:8118,8118,重庆,高匿,HTTP,19-11-02 03:20
https://163.125.3.76:8118,8118,广东深圳,高匿,HTTPS,19-11-02 02:00
https://117.57.91.88:9999,9999,安徽淮北,高匿,HTTP,19-11-02 01:20
https://119.27.161.150:8080,8080,福建厦门,高匿,HTTP,19-11-02 01:20
https://175.43.57.15:9999,9999,福建泉州,高匿,HTTP,19-11-02 01:20
https://121.33.220.158:808,808,广东广州,高匿,HTTPS,19-11-02 01:20
https://1.197.10.93:9999,9999,河南许昌,高匿,HTTPS,19-11-02 01:00
https://117.57.90.27:9999,9999,安徽淮北,高匿,HTTPS,19-11-02 01:00
https://115.223.108.229:8010,8010,浙江温州,高匿,HTTPS,19-11-02 01:00
https://27.152.91.86:9999,9999,福建泉州,高匿,HTTPS,19-11-02 00:21
https://117.69.200.148:9999,9999,安徽淮北,高匿,HTTP,19-11-02 00:21
https://106.14.58.95:8083,8083,null,高匿,HTTPS,19-11-02 00:00
https://120.83.123.64:9999,9999,广东揭阳,高匿,HTTP,19-11-02 00:00
https://113.120.38.232:9999,9999,山东济南,高匿,HTTPS,19-11-02 00:00
https://182.35.82.90:9999,9999,山东泰安市肥城,高匿,HTTP,19-11-01 23:20
https://180.122.145.125:37304,37304,江苏泰州,高匿,HTTPS,19-11-01 23:00
https://27.152.91.92:9999,9999,福建泉州,高匿,HTTPS,19-11-01 23:00
https://183.166.86.201:9999,9999,安徽淮南,高匿,HTTPS,19-11-01 23:00
https://183.166.125.209:9999,9999,安徽淮南,高匿,HTTP,19-11-01 22:21
https://121.226.188.210:9999,9999,江苏,高匿,HTTP,19-11-01 22:20
https://117.69.201.144:9999,9999,安徽淮北,高匿,HTTP,19-11-01 22:20
https://114.239.29.198:9999,9999,江苏宿迁,高匿,HTTP,19-11-01 22:20
https://182.35.85.59:9999,9999,山东泰安,高匿,HTTP,19-11-01 22:20
https://114.239.199.140:9999,9999,江苏宿迁市泗阳县,高匿,HTTP,19-11-01 22:20
https://117.57.90.142:22407,22407,安徽淮北,高匿,HTTPS,19-11-01 22:20
https://117.95.200.69:9999,9999,江苏宿迁,高匿,HTTPS,19-11-01 22:00
https://27.43.190.66:9999,9999,广东梅州,高匿,HTTP,19-11-01 22:00
https://120.83.105.106:9999,9999,广东揭阳,高匿,HTTP,19-11-01 22:00
https://27.43.185.209:9999,9999,广东梅州,高匿,HTTPS,19-11-01 22:00
https://114.239.144.170:808,808,江苏宿迁市泗阳县,高匿,HTTPS,19-11-01 22:00
https://182.35.80.127:9999,9999,山东泰安,高匿,HTTPS,19-11-01 22:00
https://113.120.35.2:9999,9999,山东济南,高匿,HTTPS,19-11-01 22:00
https://171.35.166.5:9999,9999,江西,高匿,HTTP,19-11-01 21:20
https://117.69.201.128:9999,9999,安徽淮北,高匿,HTTP,19-11-01 21:20
https://113.120.38.169:9999,9999,山东济南,高匿,HTTP,19-11-01 21:20
https://180.122.149.38:25015,25015,江苏泰州,高匿,HTTPS,19-11-01 21:20
https://113.121.39.93:9999,9999,山东烟台,高匿,HTTP,19-11-01 21:20
https://117.94.245.26:9999,9999,江苏泰州,高匿,HTTP,19-11-01 21:20
https://124.113.193.113:9999,9999,安徽六安,高匿,HTTP,19-11-01 21:20
https://113.194.31.62:9999,9999,江西,高匿,HTTPS,19-11-01 21:00
https://113.120.37.213:9999,9999,山东济南,高匿,HTTP,19-11-01 20:20
https://183.166.96.136:9999,9999,安徽淮南,高匿,HTTP,19-11-01 20:20
https://114.239.3.88:9999,9999,江苏宿迁,高匿,HTTP,19-11-01 20:20
https://120.83.111.52:9999,9999,广东揭阳市普宁,高匿,HTTP,19-11-01 20:20
https://39.84.124.231:9999,9999,山东,高匿,HTTP,19-11-01 20:20
https://117.57.90.253:9999,9999,安徽淮北,高匿,HTTP,19-11-01 20:20
https://182.35.86.60:9999,9999,山东泰安,高匿,HTTP,19-11-01 20:20
https://182.35.83.208:9999,9999,山东泰安,高匿,HTTPS,19-11-01 20:00
https://106.110.200.203:9999,9999,广东,高匿,HTTP,19-11-01 20:00
https://117.95.174.70:9999,9999,江苏宿迁,高匿,HTTPS,19-11-01 20:00
https://114.239.248.43:9999,9999,江苏宿迁市泗阳县,高匿,HTTPS,19-11-01 20:00
https://113.194.139.54:9999,9999,江西南昌,高匿,HTTPS,19-11-01 20:00
https://180.122.38.209:9999,9999,江苏泰州,高匿,HTTP,19-11-01 19:20
https://112.84.98.147:9999,9999,江苏徐州,高匿,HTTP,19-11-01 19:20
https://182.35.81.75:9999,9999,山东泰安,高匿,HTTPS,19-11-01 19:00
https://182.35.80.52:9999,9999,山东泰安,高匿,HTTPS,19-11-01 19:00
https://114.239.145.105:808,808,江苏宿迁市泗阳县,高匿,HTTP,19-11-01 19:00
https://117.69.200.193:9999,9999,安徽淮北,高匿,HTTPS,19-11-01 19:00
https://59.57.148.125:9999,9999,福建厦门,高匿,HTTP,19-11-01 19:00
https://183.166.111.197:9999,9999,安徽淮南,高匿,HTTP,19-11-01 18:21
https://222.190.222.78:22153,22153,江苏泰州,高匿,HTTPS,19-11-01 18:21
https://182.35.87.96:9999,9999,山东泰安,高匿,HTTP,19-11-01 18:21
https://218.24.16.198:43620,43620,辽宁铁岭,高匿,HTTPS,19-11-01 18:21
https://114.239.148.7:808,808,江苏宿迁市泗阳县,高匿,HTTP,19-11-01 18:20
https://121.226.188.28:9999,9999,江苏,高匿,HTTP,19-11-01 18:20
https://120.83.100.51:9999,9999,广东揭阳市普宁,高匿,HTTPS,19-11-01 18:00
https://123.163.122.85:9999,9999,河南洛阳,高匿,HTTP,19-11-01 18:00
https://182.34.34.166:9999,9999,山东烟台,高匿,HTTPS,19-11-01 18:00
https://114.239.42.251:9999,9999,江苏宿迁,高匿,HTTPS,19-11-01 18:00
https://114.239.1.245:808,808,江苏宿迁,高匿,HTTP,19-11-01 18:00
https://182.35.86.219:9999,9999,山东泰安,高匿,HTTP,19-11-01 17:21
https://183.164.238.101:9999,9999,安徽宿州,高匿,HTTP,19-11-01 17:21
https://221.206.100.133:34073,34073,黑龙江牡丹江,高匿,HTTPS,19-11-01 17:21
https://117.69.200.142:39246,39246,安徽淮北,高匿,HTTPS,19-11-01 17:20
https://114.239.199.116:9999,9999,江苏宿迁市泗阳县,高匿,HTTP,19-11-01 17:20
https://117.57.90.195:9999,9999,安徽淮北,高匿,HTTP,19-11-01 17:20
https://27.152.90.6:9999,9999,福建泉州,高匿,HTTP,19-11-01 17:00
https://183.166.125.9:9999,9999,安徽淮南,高匿,HTTPS,19-11-01 17:00
https://113.120.34.159:9999,9999,山东济南,高匿,HTTP,19-11-01 16:20
https://114.239.249.147:808,808,江苏宿迁市泗阳县,高匿,HTTPS,19-11-01 16:20
https://113.128.9.104:9999,9999,山东济南,高匿,HTTP,19-11-01 16:20
https://183.164.238.33:9999,9999,安徽宿州,高匿,HTTP,19-11-01 16:20
https://114.239.249.162:9999,9999,江苏宿迁市泗阳县,高匿,HTTPS,19-11-01 16:20
https://124.113.192.234:9999,9999,安徽六安,高匿,HTTP,19-11-01 16:20
https://183.164.239.92:35873,35873,安徽宿州,高匿,HTTP,19-11-01 16:20
https://114.239.252.4:9999,9999,江苏宿迁市泗阳县,高匿,HTTP,19-11-01 16:20
https://113.124.93.195:9999,9999,山东烟台,高匿,HTTPS,19-11-01 16:00
https://180.122.146.65:9999,9999,江苏泰州,高匿,HTTPS,19-11-01 16:00
https://59.57.149.135:9999,9999,福建厦门,高匿,HTTPS,19-11-01 16:00
https://27.152.90.166:9999,9999,福建泉州,高匿,HTTP,19-11-01 15:20
https://114.239.29.44:9999,9999,江苏宿迁,高匿,HTTP,19-11-01 15:20
https://114.239.110.58:43542,43542,江苏宿迁,高匿,HTTPS,19-11-01 15:20
https://117.69.201.82:9999,9999,安徽淮北,高匿,HTTP,19-11-01 15:20
https://59.57.38.164:9999,9999,福建泉州,高匿,HTTP,19-11-01 15:20
https://123.169.34.249:9999,9999,山东烟台,高匿,HTTP,19-11-01 15:20
https://61.145.48.83:9999,9999,广东江门,高匿,HTTPS,19-11-01 15:00
https://182.35.80.137:9999,9999,山东泰安,高匿,HTTPS,19-11-01 15:00
https://114.239.148.117:9999,9999,江苏宿迁市泗阳县,高匿,HTTPS,19-11-01 15:00
https://113.194.31.151:9999,9999,江西,高匿,HTTP,19-11-01 14:20
https://113.120.35.199:9999,9999,山东济南,高匿,HTTP,19-11-01 14:20
https://171.12.112.135:9999,9999,河南,高匿,HTTP,19-11-01 14:20
https://117.95.232.50:9999,9999,江苏宿迁,高匿,HTTP,19-11-01 14:20
https://114.239.255.23:9999,9999,江苏宿迁市泗阳县,高匿,HTTP,19-11-01 14:20
https://171.12.112.137:9999,9999,河南,高匿,HTTP,19-11-01 14:20
https://114.239.149.161:9999,9999,江苏宿迁市泗阳县,高匿,HTTPS,19-11-01 14:00
https://183.166.125.205:9999,9999,安徽淮南,高匿,HTTPS,19-11-01 14:00
https://182.35.80.209:9999,9999,山东泰安,高匿,HTTPS,19-11-01 14:00
https://59.57.149.212:9999,9999,福建厦门,高匿,HTTPS,19-11-01 13:21
https://120.83.106.175:9999,9999,广东揭阳,高匿,HTTP,19-11-01 13:20
https://61.145.8.185:9999,9999,广东江门,高匿,HTTP,19-11-01 13:20
https://123.163.122.138:9999,9999,河南洛阳,高匿,HTTPS,19-11-01 13:20
https://59.57.148.76:9999,9999,福建厦门,高匿,HTTP,19-11-01 13:00
https://59.57.148.200:9999,9999,福建厦门,高匿,HTTP,19-11-01 13:00
https://117.95.199.27:9999,9999,江苏宿迁,高匿,HTTPS,19-11-01 13:00
https://123.163.97.246:9999,9999,河南洛阳,高匿,HTTP,19-11-01 13:00
https://1.198.73.98:9999,9999,河南,高匿,HTTP,19-11-01 13:00
https://59.57.149.197:9999,9999,福建厦门,高匿,HTTP,19-11-01 12:21
https://27.152.90.163:9999,9999,福建泉州,高匿,HTTP,19-11-01 12:21
https://114.239.2.92:808,808,江苏宿迁,高匿,HTTP,19-11-01 12:20
https://113.128.121.205:9999,9999,山东济南,高匿,HTTP,19-11-01 12:20
https://183.164.238.180:9999,9999,安徽宿州,高匿,HTTP,19-11-01 12:20
https://114.239.198.152:9999,9999,江苏宿迁市泗阳县,高匿,HTTPS,19-11-01 12:00
https://182.35.83.239:9999,9999,山东泰安,高匿,HTTPS,19-11-01 12:00
https://117.69.201.115:9999,9999,安徽淮北,高匿,HTTP,19-11-01 11:21
https://117.57.91.60:9999,9999,安徽淮北,高匿,HTTP,19-11-01 11:20
https://114.239.249.69:9999,9999,江苏宿迁市泗阳县,高匿,HTTP,19-11-01 11:20
https://144.123.69.105:9999,9999,山东,高匿,HTTP,19-11-01 11:20
https://125.78.17.174:9999,9999,福建泉州,高匿,HTTP,19-11-01 11:20
https://121.226.214.56:9999,9999,江苏连云港,高匿,HTTP,19-11-01 11:20
https://49.70.33.179:25529,25529,江苏苏州,高匿,HTTPS,19-11-01 11:00
https://182.35.83.85:9999,9999,山东泰安,高匿,HTTP,19-11-01 11:00
https://27.152.90.143:9999,9999,福建泉州,高匿,HTTPS,19-11-01 11:00
https://183.166.162.244:9999,9999,安徽合肥,高匿,HTTPS,19-11-01 11:00
https://183.164.238.91:9999,9999,安徽宿州,高匿,HTTP,19-11-01 11:00
https://117.69.200.167:9999,9999,安徽淮北,高匿,HTTP,19-11-01 11:00
https://117.28.96.157:9999,9999,福建泉州,高匿,HTTPS,19-11-01 11:00
https://183.164.239.64:9999,9999,安徽宿州,高匿,HTTPS,19-11-01 10:21
https://117.28.97.207:9999,9999,福建泉州,高匿,HTTP,19-11-01 10:21
https://27.152.90.23:9999,9999,福建泉州,高匿,HTTP,19-11-01 10:20
https://117.69.201.238:9999,9999,安徽淮北,高匿,HTTP,19-11-01 10:20
https://180.119.141.18:9999,9999,江苏扬州,高匿,HTTPS,19-11-01 10:20
https://1.198.73.134:9999,9999,河南,高匿,HTTP,19-11-01 10:20
https://114.239.251.226:9999,9999,江苏宿迁市泗阳县,高匿,HTTPS,19-11-01 10:00
https://27.152.90.87:9999,9999,福建泉州,高匿,HTTPS,19-11-01 10:00
https://59.57.149.153:9999,9999,福建厦门,高匿,HTTPS,19-11-01 10:00
https://114.239.151.204:9999,9999,江苏宿迁市泗阳县,高匿,HTTP,19-11-01 09:20
https://49.89.103.212:9999,9999,江苏宿迁,高匿,HTTP,19-11-01 09:20
https://114.239.148.79:9999,9999,江苏宿迁市泗阳县,高匿,HTTP,19-11-01 09:20
https://183.154.50.186:9999,9999,浙江金华,高匿,HTTPS,19-11-01 09:20
https://223.242.247.14:9999,9999,安徽阜阳,高匿,HTTP,19-11-01 09:20
https://117.69.200.109:26415,26415,安徽淮北,高匿,HTTP,19-11-01 09:00
https://27.152.90.137:9999,9999,福建泉州,高匿,HTTP,19-11-01 09:00
https://117.95.192.66:9999,9999,江苏宿迁,高匿,HTTPS,19-11-01 09:00
https://123.169.98.61:9999,9999,山东淄博,高匿,HTTPS,19-11-01 09:00
https://59.57.149.131:9999,9999,福建厦门,高匿,HTTPS,19-11-01 09:00
https://180.122.149.65:9999,9999,江苏泰州,高匿,HTTPS,19-11-01 09:00
https://183.164.239.49:38434,38434,安徽宿州,高匿,HTTPS,19-11-01 09:00
https://59.57.149.29:9999,9999,福建厦门,高匿,HTTP,19-11-01 08:20
https://114.239.150.100:9999,9999,江苏宿迁市泗阳县,高匿,HTTP,19-11-01 08:20
https://59.57.148.53:9999,9999,福建厦门,高匿,HTTPS,19-11-01 08:20
https://183.166.86.139:9999,9999,安徽淮南,高匿,HTTP,19-11-01 08:20
https://117.57.90.21:9999,9999,安徽淮北,高匿,HTTP,19-11-01 08:20
https://114.239.149.244:9999,9999,江苏宿迁市泗阳县,高匿,HTTP,19-11-01 08:20
https://58.253.158.115:9999,9999,广东揭阳,高匿,HTTP,19-11-01 08:20
https://59.57.149.119:9999,9999,福建厦门,高匿,HTTPS,19-11-01 08:00
https://123.163.96.8:9999,9999,河南洛阳,高匿,HTTPS,19-11-01 08:00
https://180.122.151.148:9999,9999,江苏泰州,高匿,HTTPS,19-11-01 08:00
https://114.239.29.194:9999,9999,江苏宿迁,高匿,HTTP,19-11-01 07:21
https://59.57.148.92:9999,9999,福建厦门,高匿,HTTPS,19-11-01 07:21
https://117.57.91.112:9999,9999,安徽淮北,高匿,HTTP,19-11-01 07:20
https://171.35.223.101:9999,9999,江西,高匿,HTTPS,19-11-01 07:00
https://117.26.40.3:9999,9999,福建泉州市晋江,高匿,HTTPS,19-11-01 07:00
https://27.43.190.16:9999,9999,广东梅州,高匿,HTTPS,19-11-01 07:00
https://27.152.90.231:9999,9999,福建泉州,高匿,HTTPS,19-11-01 07:00
https://119.254.94.93:46323,46323,北京,高匿,HTTPS,19-11-01 07:00
https://117.69.201.64:9999,9999,安徽淮北,高匿,HTTP,19-11-01 07:00
https://222.190.229.250:9999,9999,江苏泰州,高匿,HTTPS,19-11-01 07:00
https://27.43.185.189:9999,9999,广东梅州,高匿,HTTPS,19-11-01 07:00
https://58.253.152.172:9999,9999,广东揭阳,高匿,HTTP,19-11-01 07:00
https://27.152.91.225:9999,9999,福建泉州,高匿,HTTPS,19-11-01 06:20
https://114.239.198.37:9999,9999,江苏宿迁市泗阳县,高匿,HTTP,19-11-01 06:20
https://114.239.253.108:808,808,江苏宿迁市泗阳县,高匿,HTTPS,19-11-01 06:20
https://115.211.226.155:9999,9999,浙江金华,高匿,HTTP,19-11-01 06:20
https://114.239.29.195:9999,9999,江苏宿迁,高匿,HTTP,19-11-01 06:20
https://183.166.87.222:9999,9999,安徽淮南,高匿,HTTP,19-11-01 06:20
https://182.35.82.40:9999,9999,山东泰安市肥城,高匿,HTTP,19-11-01 06:00
https://113.195.225.192:9999,9999,江西赣州,高匿,HTTPS,19-11-01 06:00
https://222.89.32.174:8070,8070,河南济源,高匿,HTTPS,19-11-01 06:00
https://117.95.192.77:9999,9999,江苏宿迁,高匿,HTTPS,19-11-01 06:00
https://115.211.230.172:9999,9999,浙江金华,高匿,HTTPS,19-11-01 06:00
https://121.205.15.6:9999,9999,福建泉州,高匿,HTTP,19-11-01 05:20
https://1.197.11.33:9999,9999,河南许昌,高匿,HTTP,19-11-01 05:20
https://112.111.217.207:9999,9999,福建宁德,高匿,HTTP,19-11-01 05:20
https://113.195.16.76:9999,9999,江西赣州,高匿,HTTPS,19-11-01 05:20
https://114.239.249.204:9999,9999,江苏宿迁市泗阳县,高匿,HTTP,19-11-01 05:20
https://114.239.255.137:9999,9999,江苏宿迁市泗阳县,高匿,HTTP,19-11-01 05:20
https://1.199.31.136:9999,9999,河南漯河,高匿,HTTP,19-11-01 05:20
https://59.57.148.116:9999,9999,福建厦门,高匿,HTTPS,19-11-01 05:20
https://182.35.87.15:9999,9999,山东泰安,高匿,HTTP,19-11-01 05:20
https://182.35.80.169:9999,9999,山东泰安,高匿,HTTP,19-11-01 05:20
https://49.89.220.121:9999,9999,江苏宿迁,高匿,HTTP,19-11-01 05:20
https://115.212.33.250:8118,8118,浙江金华,高匿,HTTP,19-11-01 04:21
https://183.164.239.234:9999,9999,安徽宿州,高匿,HTTPS,19-11-01 04:21
https://115.219.110.123:8010,8010,浙江温州,高匿,HTTPS,19-11-01 04:20
https://183.164.239.66:9999,9999,安徽宿州,高匿,HTTP,19-11-01 04:20
https://125.78.16.50:9999,9999,福建泉州,高匿,HTTPS,19-11-01 04:00
https://117.69.200.221:9999,9999,安徽淮北,高匿,HTTPS,19-11-01 04:00
https://183.164.239.114:9999,9999,安徽宿州,高匿,HTTPS,19-11-01 03:21
https://175.155.139.180:1133,1133,四川德阳,高匿,HTTP,19-11-01 03:20
https://117.69.200.93:9999,9999,安徽淮北,高匿,HTTP,19-11-01 02:21
https://60.216.101.46:59351,59351,山东济南,高匿,HTTP,19-11-01 02:20
https://114.239.144.118:808,808,江苏宿迁市泗阳县,高匿,HTTP,19-11-01 02:20
https://114.234.163.35:8118,8118,江苏徐州,高匿,HTTPS,19-11-01 02:00
https://171.12.112.195:9999,9999,河南,高匿,HTTPS,19-11-01 02:00
https://117.57.91.40:9999,9999,安徽淮北,高匿,HTTP,19-11-01 01:20
https://117.88.5.62:3000,3000,江苏南京,高匿,HTTP,19-11-01 01:20
https://123.101.212.216:9999,9999,河南郑州,高匿,HTTP,19-11-01 01:20
https://49.89.143.219:9999,9999,江苏宿迁,高匿,HTTPS,19-11-01 01:00
https://117.57.90.57:9999,9999,安徽淮北,高匿,HTTPS,19-11-01 01:00
https://171.11.28.85:9999,9999,河南,高匿,HTTP,19-11-01 00:21
https://49.89.87.88:9999,9999,江苏宿迁,高匿,HTTP,19-11-01 00:21
https://113.128.30.22:61234,61234,山东济南,高匿,HTTPS,19-11-01 00:21
https://171.13.201.225:9999,9999,河南,高匿,HTTP,19-11-01 00:20
https://183.166.86.216:9999,9999,安徽淮南,高匿,HTTP,19-11-01 00:20
https://1.193.245.172:9999,9999,河南洛阳市西工区,高匿,HTTPS,19-11-01 00:00
https://175.148.76.161:1133,1133,辽宁葫芦岛,高匿,HTTP,19-10-31 23:21
https://113.121.20.84:9999,9999,山东烟台市莱阳,高匿,HTTP,19-10-31 23:00
https://183.164.239.133:41679,41679,安徽宿州,高匿,HTTPS,19-10-31 23:00
https://49.89.87.49:9999,9999,江苏宿迁,高匿,HTTPS,19-10-31 23:00
https://49.89.85.48:9999,9999,江苏宿迁,高匿,HTTP,19-10-31 22:20
https://114.239.150.127:808,808,江苏宿迁市泗阳县,高匿,HTTP,19-10-31 22:20
https://183.164.238.34:9999,9999,安徽宿州,高匿,HTTP,19-10-31 22:20
https://117.69.200.136:9999,9999,安徽淮北,高匿,HTTP,19-10-31 22:20
https://117.88.176.254:3000,3000,江苏南京,高匿,HTTPS,19-10-31 22:20
https://113.121.21.251:9999,9999,山东,高匿,HTTPS,19-10-31 22:20
https://113.128.123.16:9999,9999,山东济南,高匿,HTTP,19-10-31 22:20
https://117.69.200.204:9999,9999,安徽淮北,高匿,HTTP,19-10-31 22:20
https://114.239.252.113:9999,9999,江苏宿迁市泗阳县,高匿,HTTP,19-10-31 22:20
https://117.57.91.171:9999,9999,安徽淮北,高匿,HTTP,19-10-31 22:00
https://117.69.200.172:9999,9999,安徽淮北,高匿,HTTP,19-10-31 21:21
https://122.4.48.150:9999,9999,山东济南,高匿,HTTP,19-10-31 21:20
https://117.69.25.53:9999,9999,安徽淮南,高匿,HTTP,19-10-31 21:20
https://114.239.172.7:9999,9999,江苏宿迁市泗阳县,高匿,HTTP,19-10-31 21:20
https://123.54.45.217:9999,9999,河南商丘,高匿,HTTPS,19-10-31 21:20
https://183.154.55.19:9999,9999,浙江金华,高匿,HTTPS,19-10-31 21:00
https://183.166.87.176:9999,9999,安徽淮南,高匿,HTTPS,19-10-31 21:00
https://117.94.181.188:9999,9999,江苏泰州,高匿,HTTPS,19-10-31 21:00
https://180.122.147.241:9999,9999,江苏泰州,高匿,HTTP,19-10-31 20:20
https://117.28.97.67:9999,9999,福建泉州,高匿,HTTP,19-10-31 20:20
https://121.205.84.243:9999,9999,福建泉州,高匿,HTTPS,19-10-31 20:20
https://123.163.97.63:9999,9999,河南洛阳,高匿,HTTPS,19-10-31 20:20
https://27.152.90.141:9999,9999,福建泉州,高匿,HTTPS,19-10-31 20:00
https://117.69.201.195:9999,9999,安徽淮北,高匿,HTTPS,19-10-31 20:00
https://117.69.50.217:9999,9999,安徽淮南,高匿,HTTP,19-10-31 19:20
https://117.69.201.191:9999,9999,安徽淮北,高匿,HTTP,19-10-31 19:20
https://223.242.225.119:9999,9999,安徽阜阳,高匿,HTTP,19-10-31 19:20
https://61.145.8.36:9999,9999,广东江门,高匿,HTTP,19-10-31 19:20
https://60.13.42.237:9999,9999,甘肃平凉,高匿,HTTP,19-10-31 19:20
https://183.164.239.191:9999,9999,安徽宿州,高匿,HTTP,19-10-31 18:20
https://183.164.239.35:9999,9999,安徽宿州,高匿,HTTP,19-10-31 18:20
https://117.57.91.241:9999,9999,安徽淮北,高匿,HTTP,19-10-31 18:20
https://114.239.198.114:9999,9999,江苏宿迁市泗阳县,高匿,HTTPS,19-10-31 18:20
https://183.164.238.66:9999,9999,安徽宿州,高匿,HTTP,19-10-31 18:20
https://113.121.21.184:9999,9999,山东,高匿,HTTPS,19-10-31 18:20
https://182.35.82.18:9999,9999,山东泰安市肥城,高匿,HTTP,19-10-31 18:20
https://49.70.85.88:9999,9999,江苏苏州,高匿,HTTP,19-10-31 18:20
https://117.95.192.249:9999,9999,江苏宿迁,高匿,HTTP,19-10-31 18:20
https://183.166.119.177:9999,9999,安徽淮南,高匿,HTTP,19-10-31 18:20
https://114.230.69.155:9999,9999,江苏扬州,高匿,HTTP,19-10-31 18:00
https://114.239.252.33:9999,9999,江苏宿迁市泗阳县,高匿,HTTPS,19-10-31 18:00
https://113.120.37.84:9999,9999,山东济南,高匿,HTTPS,19-10-31 18:00
https://123.163.96.137:9999,9999,河南洛阳,高匿,HTTPS,19-10-31 18:00
https://120.83.109.186:9999,9999,广东揭阳市普宁,高匿,HTTP,19-10-31 17:21
https://114.239.172.20:9999,9999,江苏宿迁市泗阳县,高匿,HTTP,19-10-31 17:20
https://117.30.113.143:9999,9999,福建,高匿,HTTP,19-10-31 17:20
https://183.166.124.60:9999,9999,安徽淮南,高匿,HTTP,19-10-31 17:20
https://113.194.129.173:9999,9999,江西,高匿,HTTP,19-10-31 17:20
https://117.69.201.72:9999,9999,安徽淮北,高匿,HTTP,19-10-31 17:20
https://27.152.91.168:9999,9999,福建泉州,高匿,HTTPS,19-10-31 17:00
https://49.70.95.13:9999,9999,江苏苏州,高匿,HTTP,19-10-31 16:20
https://114.239.251.54:9999,9999,江苏宿迁市泗阳县,高匿,HTTP,19-10-31 16:20
https://183.164.238.3:36261,36261,安徽宿州,高匿,HTTPS,19-10-31 16:20
https://117.30.112.81:9999,9999,福建,高匿,HTTP,19-10-31 16:20
https://114.239.253.64:9999,9999,江苏宿迁市泗阳县,高匿,HTTP,19-10-31 16:20
https://120.83.104.64:9999,9999,广东揭阳,高匿,HTTP,19-10-31 16:20
https://117.57.90.210:9999,9999,安徽淮北,高匿,HTTP,19-10-31 16:20
https://115.211.225.82:9999,9999,浙江金华,高匿,HTTPS,19-10-31 16:00
https://59.57.149.183:9999,9999,福建厦门,高匿,HTTP,19-10-31 16:00
https://114.239.249.11:9999,9999,江苏宿迁市泗阳县,高匿,HTTP,19-10-31 15:20
https://27.152.91.113:9999,9999,福建泉州,高匿,HTTPS,19-10-31 15:20
https://114.239.251.110:9999,9999,江苏宿迁市泗阳县,高匿,HTTP,19-10-31 15:20
https://183.164.239.26:9999,9999,安徽宿州,高匿,HTTP,19-10-31 15:20
https://59.57.148.157:9999,9999,福建厦门,高匿,HTTP,19-10-31 15:20
https://117.57.90.193:9999,9999,安徽淮北,高匿,HTTP,19-10-31 15:20
https://59.57.148.216:9999,9999,福建厦门,高匿,HTTPS,19-10-31 15:20
https://114.239.253.14:9999,9999,江苏宿迁市泗阳县,高匿,HTTP,19-10-31 15:20
https://123.169.100.199:9999,9999,山东淄博,高匿,HTTPS,19-10-31 15:00
https://114.239.150.11:9999,9999,江苏宿迁市泗阳县,高匿,HTTP,19-10-31 14:20
https://117.30.112.30:9999,9999,福建,高匿,HTTP,19-10-31 14:20
https://183.164.239.121:9999,9999,安徽宿州,高匿,HTTP,19-10-31 14:20
https://113.120.38.4:9999,9999,山东济南,高匿,HTTP,19-10-31 14:20
https://180.122.144.86:21570,21570,江苏泰州,高匿,HTTPS,19-10-31 14:20
https://117.28.97.203:9999,9999,福建泉州,高匿,HTTP,19-10-31 14:20
https://114.239.110.9:9999,9999,江苏宿迁,高匿,HTTP,19-10-31 14:20
https://183.166.87.29:9999,9999,安徽淮南,高匿,HTTP,19-10-31 14:20
https://183.164.239.90:24816,24816,安徽宿州,高匿,HTTPS,19-10-31 14:20
https://113.194.29.57:9999,9999,江西,高匿,HTTPS,19-10-31 14:00
https://59.57.149.58:9999,9999,福建厦门,高匿,HTTPS,19-10-31 14:00
https://120.83.109.205:9999,9999,广东揭阳市普宁,高匿,HTTPS,19-10-31 14:00
https://117.69.201.253:9999,9999,安徽淮北,高匿,HTTP,19-10-31 13:20
https://49.89.85.14:9999,9999,江苏宿迁,高匿,HTTP,19-10-31 13:20
https://59.57.38.232:9999,9999,福建泉州,高匿,HTTP,19-10-31 13:20
https://114.239.252.141:9999,9999,江苏宿迁市泗阳县,高匿,HTTP,19-10-31 13:20
https://121.226.215.4:9999,9999,江苏连云港,高匿,HTTP,19-10-31 13:20
https://49.70.89.56:9999,9999,江苏苏州,高匿,HTTP,19-10-31 13:20
https://117.95.162.212:9999,9999,江苏宿迁,高匿,HTTP,19-10-31 13:20
https://175.43.59.26:9999,9999,福建泉州,高匿,HTTP,19-10-31 13:20
https://183.164.239.31:9999,9999,安徽宿州,高匿,HTTP,19-10-31 13:20
https://117.57.91.147:9999,9999,安徽淮北,高匿,HTTP,19-10-31 13:20
https://182.34.32.59:9999,9999,山东烟台,高匿,HTTPS,19-10-31 13:00
https://183.166.86.149:9999,9999,安徽淮南,高匿,HTTPS,19-10-31 13:00
https://183.164.238.252:9999,9999,安徽宿州,高匿,HTTPS,19-10-31 13:00
https://123.163.96.170:9999,9999,河南洛阳,高匿,HTTP,19-10-31 13:00
https://1.198.72.222:9999,9999,河南,高匿,HTTPS,19-10-31 13:00
https://1.197.204.177:9999,9999,河南济源,高匿,HTTPS,19-10-31 13:00
https://59.57.148.85:9999,9999,福建厦门,高匿,HTTP,19-10-31 12:20
https://1.197.204.49:9999,9999,河南济源,高匿,HTTP,19-10-31 12:20
https://114.239.198.215:9999,9999,江苏宿迁市泗阳县,高匿,HTTP,19-10-31 12:20
https://1.197.203.249:9999,9999,河南济源,高匿,HTTP,19-10-31 12:20
https://27.152.91.77:9999,9999,福建泉州,高匿,HTTPS,19-10-31 12:20
https://222.190.222.246:9999,9999,江苏泰州,高匿,HTTP,19-10-31 12:20
https://114.239.151.101:9999,9999,江苏宿迁市泗阳县,高匿,HTTPS,19-10-31 12:20
https://49.70.85.9:9999,9999,江苏苏州,高匿,HTTPS,19-10-31 12:00
https://182.34.35.8:9999,9999,山东烟台,高匿,HTTPS,19-10-31 12:00
https://183.166.70.255:9999,9999,安徽淮南,高匿,HTTPS,19-10-31 12:00
https://115.210.67.169:9999,9999,浙江金华,高匿,HTTP,19-10-31 11:21
https://117.28.96.93:9999,9999,福建泉州,高匿,HTTP,19-10-31 11:21
https://114.239.110.190:9999,9999,江苏宿迁,高匿,HTTP,19-10-31 11:20
https://27.43.186.186:9999,9999,广东梅州,高匿,HTTP,19-10-31 11:20
https://114.239.172.23:9999,9999,江苏宿迁市泗阳县,高匿,HTTP,19-10-31 11:20
https://114.239.250.14:9999,9999,江苏宿迁市泗阳县,高匿,HTTP,19-10-31 11:20
https://117.57.90.248:9999,9999,安徽淮北,高匿,HTTPS,19-10-31 11:00
https://183.164.239.71:9999,9999,安徽宿州,高匿,HTTPS,19-10-31 11:00
https://183.166.111.39:9999,9999,安徽淮南,高匿,HTTPS,19-10-31 11:00
https://27.43.189.219:9999,9999,广东梅州,高匿,HTTPS,19-10-31 10:20
https://117.30.112.202:9999,9999,福建,高匿,HTTP,19-10-31 10:20
https://27.152.91.245:9999,9999,福建泉州,高匿,HTTP,19-10-31 10:20
https://222.89.32.132:9999,9999,河南济源,高匿,HTTPS,19-10-31 10:20
https://183.164.239.84:41116,41116,安徽宿州,高匿,HTTPS,19-10-31 10:20
https://183.166.124.129:9999,9999,安徽淮南,高匿,HTTP,19-10-31 10:20
https://182.34.33.183:808,808,山东烟台,高匿,HTTPS,19-10-31 10:20
https://171.12.113.150:9999,9999,河南,高匿,HTTP,19-10-31 10:20
https://121.205.84.80:9999,9999,福建泉州,高匿,HTTPS,19-10-31 10:00
https://182.34.37.4:9999,9999,山东烟台,高匿,HTTPS,19-10-31 10:00
https://123.163.97.154:9999,9999,河南洛阳,高匿,HTTP,19-10-31 10:00
https://110.243.11.39:9999,9999,河北唐山,高匿,HTTPS,19-10-31 10:00
https://59.57.149.218:9999,9999,福建厦门,高匿,HTTPS,19-10-31 09:20
https://117.57.91.182:9999,9999,安徽淮北,高匿,HTTP,19-10-31 09:20
https://59.57.148.50:9999,9999,福建厦门,高匿,HTTP,19-10-31 09:20
https://59.57.148.4:9999,9999,福建厦门,高匿,HTTP,19-10-31 09:20
https://58.253.156.58:9999,9999,广东揭阳,高匿,HTTP,19-10-31 09:20
https://121.205.14.10:9999,9999,福建泉州,高匿,HTTP,19-10-31 09:20
https://117.30.113.130:9999,9999,福建,高匿,HTTPS,19-10-31 09:00
https://120.83.109.165:9999,9999,广东揭阳市普宁,高匿,HTTPS,19-10-31 09:00
https://114.239.150.235:808,808,江苏宿迁市泗阳县,高匿,HTTP,19-10-31 09:00
https://182.35.87.114:9999,9999,山东泰安,高匿,HTTPS,19-10-31 09:00
https://123.52.97.225:9999,9999,河南郑州,高匿,HTTPS,19-10-31 09:00
https://60.13.42.176:9999,9999,甘肃平凉,高匿,HTTPS,19-10-31 09:00
https://117.57.91.205:9999,9999,安徽淮北,高匿,HTTP,19-10-31 08:20
https://114.239.42.216:22997,22997,江苏宿迁,高匿,HTTPS,19-10-31 08:20
https://113.124.94.72:9999,9999,山东烟台,高匿,HTTP,19-10-31 08:20
https://117.69.200.70:40899,40899,安徽淮北,高匿,HTTPS,19-10-31 08:20
https://117.57.90.245:48152,48152,安徽淮北,高匿,HTTP,19-10-31 08:20
https://117.69.200.223:49026,49026,安徽淮北,高匿,HTTPS,19-10-31 08:20
https://27.152.90.96:9999,9999,福建泉州,高匿,HTTP,19-10-31 08:20
https://183.164.238.68:9999,9999,安徽宿州,高匿,HTTP,19-10-31 08:00
https://144.123.69.216:9999,9999,山东,高匿,HTTP,19-10-31 07:20
https://114.239.249.51:9999,9999,江苏宿迁市泗阳县,高匿,HTTP,19-10-31 07:20
https://27.152.90.155:9999,9999,福建泉州,高匿,HTTP,19-10-31 07:20
https://125.78.176.185:9999,9999,福建泉州,高匿,HTTP,19-10-31 07:20
https://117.28.97.222:9999,9999,福建泉州,高匿,HTTP,19-10-31 07:20
https://49.89.222.253:9999,9999,江苏宿迁,高匿,HTTP,19-10-31 07:20
https://117.57.90.202:9999,9999,安徽淮北,高匿,HTTP,19-10-31 07:20
https://121.232.111.96:50068,50068,江苏南通,高匿,HTTPS,19-10-31 07:00
https://171.35.170.138:9999,9999,江西,高匿,HTTPS,19-10-31 07:00
https://117.57.90.73:9999,9999,安徽淮北,高匿,HTTP,19-10-31 07:00
https://117.57.90.189:9999,9999,安徽淮北,高匿,HTTPS,19-10-31 07:00
https://182.35.87.89:9999,9999,山东泰安,高匿,HTTPS,19-10-31 07:00
https://183.164.238.137:9999,9999,安徽宿州,高匿,HTTP,19-10-31 06:20
https://120.83.111.18:9999,9999,广东揭阳市普宁,高匿,HTTP,19-10-31 06:20
https://117.95.199.139:9999,9999,江苏宿迁,高匿,HTTP,19-10-31 06:20
https://117.57.91.240:44876,44876,安徽淮北,高匿,HTTP,19-10-31 06:20
https://117.57.90.150:45465,45465,安徽淮北,高匿,HTTPS,19-10-31 06:20
https://117.69.201.137:9999,9999,安徽淮北,高匿,HTTP,19-10-31 06:20
https://121.226.188.41:9999,9999,江苏,高匿,HTTP,19-10-31 06:20
https://117.30.113.176:9999,9999,福建,高匿,HTTP,19-10-31 06:20
https://58.253.152.244:9999,9999,广东揭阳,高匿,HTTPS,19-10-31 06:00
https://183.164.238.179:9999,9999,安徽宿州,高匿,HTTPS,19-10-31 06:00
https://183.164.239.34:47651,47651,安徽宿州,高匿,HTTPS,19-10-31 06:00
https://183.166.7.2:9999,9999,安徽淮南,高匿,HTTPS,19-10-31 06:00
https://117.95.201.104:9999,9999,江苏宿迁,高匿,HTTP,19-10-31 05:20
https://121.226.188.158:9999,9999,江苏,高匿,HTTP,19-10-31 05:20
https://117.57.91.54:9999,9999,安徽淮北,高匿,HTTP,19-10-31 05:20
https://114.239.255.105:9999,9999,江苏宿迁市泗阳县,高匿,HTTP,19-10-31 05:20
https://182.34.33.199:808,808,山东烟台,高匿,HTTP,19-10-31 05:20
https://183.164.239.45:9999,9999,安徽宿州,高匿,HTTP,19-10-31 05:20
https://171.35.174.233:9999,9999,江西,高匿,HTTP,19-10-31 05:20
https://1.199.31.135:9999,9999,河南漯河,高匿,HTTP,19-10-31 05:20
https://1.197.11.14:9999,9999,河南许昌,高匿,HTTPS,19-10-31 05:00
https://117.57.90.201:39794,39794,安徽淮北,高匿,HTTPS,19-10-31 05:00
https://183.164.239.195:9999,9999,安徽宿州,高匿,HTTPS,19-10-31 05:00
https://175.10.74.28:8118,8118,湖南,高匿,HTTP,19-10-31 05:00
https://175.42.122.135:9999,9999,福建宁德,高匿,HTTP,19-10-31 04:21
https://222.85.28.130:40505,40505,河南许昌市禹州,高匿,HTTP,19-10-31 04:21
https://182.35.86.36:9999,9999,山东泰安,高匿,HTTP,19-10-31 04:21
https://49.64.111.105:3128,3128,江苏苏州,高匿,HTTP,19-10-31 04:21
https://112.85.149.105:9999,9999,江苏南通,高匿,HTTPS,19-10-31 04:20
https://171.12.112.48:9999,9999,河南,高匿,HTTPS,19-10-31 04:00
https://171.13.201.220:9999,9999,河南,高匿,HTTPS,19-10-31 04:00
https://114.239.1.50:9999,9999,江苏宿迁,高匿,HTTPS,19-10-31 04:00
https://114.99.139.201:8118,8118,安徽安庆,高匿,HTTPS,19-10-31 04:00
https://123.131.202.185:9999,9999,山东临沂,高匿,HTTP,19-10-31 03:20
https://119.98.71.9:8118,8118,湖北武汉,高匿,HTTP,19-10-31 03:20
https://123.101.212.151:9999,9999,河南郑州,高匿,HTTP,19-10-31 03:20
https://123.101.212.172:9999,9999,河南郑州,高匿,HTTPS,19-10-31 03:00
https://171.12.112.30:9999,9999,河南,高匿,HTTPS,19-10-31 03:00
https://123.163.96.111:9999,9999,河南洛阳,高匿,HTTP,19-10-31 03:00
https://49.89.222.84:9999,9999,江苏宿迁,高匿,HTTP,19-10-31 02:20
https://27.152.91.251:9999,9999,福建泉州,高匿,HTTPS,19-10-31 02:20
https://117.69.200.217:24963,24963,安徽淮北,高匿,HTTPS,19-10-31 02:20
https://36.248.132.189:9999,9999,福建福州,高匿,HTTP,19-10-31 02:20
https://123.163.96.43:9999,9999,河南洛阳,高匿,HTTP,19-10-31 02:20
https://183.164.238.71:9999,9999,安徽宿州,高匿,HTTPS,19-10-31 02:00
https://117.88.4.158:3000,3000,江苏南京,高匿,HTTPS,19-10-31 02:00
https://113.120.62.52:9999,9999,山东济南,高匿,HTTP,19-10-31 01:20
https://171.12.112.212:9999,9999,河南,高匿,HTTPS,19-10-31 01:00
https://183.164.239.87:9999,9999,安徽宿州,高匿,HTTPS,19-10-31 01:00
https://183.164.239.189:9999,9999,安徽宿州,高匿,HTTP,19-10-31 00:20
https://113.124.93.181:9999,9999,山东烟台,高匿,HTTPS,19-10-31 00:00
https://183.166.7.123:9999,9999,安徽淮南,高匿,HTTPS,19-10-31 00:00
https://1.199.31.175:9999,9999,河南漯河,高匿,HTTP,19-10-31 00:00
https://123.169.120.180:9999,9999,山东淄博,高匿,HTTPS,19-10-31 00:00
https://182.35.81.35:9999,9999,山东泰安,高匿,HTTP,19-10-30 23:21
https://110.243.27.187:9999,9999,河北唐山,高匿,HTTP,19-10-30 23:20
https://123.163.122.43:9999,9999,河南洛阳,高匿,HTTP,19-10-30 23:20
https://117.64.237.211:1133,1133,安徽合肥,高匿,HTTP,19-10-30 23:20
https://183.166.110.218:9999,9999,安徽淮南,高匿,HTTPS,19-10-30 23:00
https://117.30.113.242:9999,9999,福建,高匿,HTTPS,19-10-30 23:00
https://59.57.149.228:9999,9999,福建厦门,高匿,HTTP,19-10-30 23:00
https://171.35.167.4:9999,9999,江西,高匿,HTTP,19-10-30 22:21
https://120.83.107.246:9999,9999,广东揭阳市普宁,高匿,HTTP,19-10-30 22:21
https://120.83.108.150:9999,9999,广东揭阳市普宁,高匿,HTTP,19-10-30 22:20
https://117.30.112.236:9999,9999,福建,高匿,HTTP,19-10-30 22:20
https://117.30.112.228:9999,9999,福建,高匿,HTTPS,19-10-30 22:01
https://180.122.147.194:25916,25916,江苏泰州,高匿,HTTPS,19-10-30 22:00
https://114.239.42.192:9999,9999,江苏宿迁,高匿,HTTP,19-10-30 21:20
https://117.26.45.128:9999,9999,福建泉州市晋江,高匿,HTTP,19-10-30 21:20
https://125.78.16.249:9999,9999,福建泉州,高匿,HTTPS,19-10-30 21:20
https://183.164.239.96:9999,9999,安徽宿州,高匿,HTTP,19-10-30 21:20
https://113.128.120.117:9999,9999,山东济南,高匿,HTTP,19-10-30 21:20
https://114.239.150.44:9999,9999,江苏宿迁市泗阳县,高匿,HTTPS,19-10-30 21:00
https://125.78.17.119:9999,9999,福建泉州,高匿,HTTPS,19-10-30 21:00
https://114.239.253.126:9999,9999,江苏宿迁市泗阳县,高匿,HTTP,19-10-30 20:20
https://222.190.222.227:45351,45351,江苏泰州,高匿,HTTP,19-10-30 20:20
https://121.206.141.249:9999,9999,福建三明,高匿,HTTP,19-10-30 20:20
https://117.69.201.87:9999,9999,安徽淮北,高匿,HTTP,19-10-30 20:20
https://106.110.212.183:9999,9999,广东,高匿,HTTP,19-10-30 20:20
https://183.164.239.118:9999,9999,安徽宿州,高匿,HTTP,19-10-30 20:20
https://117.57.91.206:25645,25645,安徽淮北,高匿,HTTP,19-10-30 20:20
https://117.69.201.32:9999,9999,安徽淮北,高匿,HTTP,19-10-30 20:20
https://113.194.28.199:9999,9999,江西,高匿,HTTPS,19-10-30 20:00
https://117.26.40.185:9999,9999,福建泉州市晋江,高匿,HTTP,19-10-30 19:21
https://113.194.31.173:9999,9999,江西,高匿,HTTP,19-10-30 19:21
https://222.89.32.184:9999,9999,河南济源,高匿,HTTPS,19-10-30 19:21
https://123.54.45.26:9999,9999,河南商丘,高匿,HTTP,19-10-30 19:21
https://114.239.147.2:9999,9999,江苏宿迁市泗阳县,高匿,HTTP,19-10-30 19:20
https://1.198.73.146:9999,9999,河南,高匿,HTTPS,19-10-30 19:20
https://114.239.254.225:9999,9999,江苏宿迁市泗阳县,高匿,HTTP,19-10-30 19:20
https://117.95.214.133:9999,9999,江苏宿迁,高匿,HTTPS,19-10-30 19:00
https://117.57.90.5:9999,9999,安徽淮北,高匿,HTTPS,19-10-30 19:00
https://117.69.200.81:9999,9999,安徽淮北,高匿,HTTPS,19-10-30 19:00
https://182.35.81.223:9999,9999,山东泰安,高匿,HTTPS,19-10-30 19:00
https://27.152.91.194:9999,9999,福建泉州,高匿,HTTPS,19-10-30 18:21
https://113.194.30.119:9999,9999,江西,高匿,HTTPS,19-10-30 18:20
https://123.54.44.61:9999,9999,河南商丘,高匿,HTTP,19-10-30 18:20
https://117.57.90.140:9999,9999,安徽淮北,高匿,HTTP,19-10-30 18:00
https://114.239.144.13:808,808,江苏宿迁市泗阳县,高匿,HTTP,19-10-30 18:00
https://119.23.45.52:8080,8080,null,高匿,HTTPS,19-10-30 18:00
https://171.35.223.118:9999,9999,江西,高匿,HTTP,19-10-30 17:20
https://182.35.81.115:9999,9999,山东泰安,高匿,HTTPS,19-10-30 17:20
https://117.57.91.223:9999,9999,安徽淮北,高匿,HTTP,19-10-30 17:20
https://114.239.250.133:9999,9999,江苏宿迁市泗阳县,高匿,HTTP,19-10-30 17:20
https://183.164.238.161:9999,9999,安徽宿州,高匿,HTTPS,19-10-30 17:20
https://114.239.144.55:27506,27506,江苏宿迁市泗阳县,高匿,HTTP,19-10-30 17:20
https://117.69.201.172:9999,9999,安徽淮北,高匿,HTTP,19-10-30 17:20
https://182.35.83.12:9999,9999,山东泰安,高匿,HTTP,19-10-30 17:20
https://117.95.162.165:9999,9999,江苏宿迁,高匿,HTTPS,19-10-30 17:20
https://117.30.113.46:9999,9999,福建,高匿,HTTP,19-10-30 17:20
https://117.95.214.69:9999,9999,江苏宿迁,高匿,HTTP,19-10-30 17:20
https://117.69.200.171:37800,37800,安徽淮北,高匿,HTTPS,19-10-30 17:20
https://121.205.15.19:9999,9999,福建泉州,高匿,HTTPS,19-10-30 17:00
https://113.120.34.117:9999,9999,山东济南,高匿,HTTPS,19-10-30 17:00
https://182.35.87.216:9999,9999,山东泰安,高匿,HTTPS,19-10-30 17:00
https://124.113.216.170:9999,9999,安徽六安,高匿,HTTP,19-10-30 16:21
https://182.35.84.159:9999,9999,山东泰安,高匿,HTTP,19-10-30 16:20
https://180.122.145.74:9999,9999,江苏泰州,高匿,HTTP,19-10-30 16:20
https://183.164.238.150:9999,9999,安徽宿州,高匿,HTTP,19-10-30 16:20
https://121.205.15.197:9999,9999,福建泉州,高匿,HTTPS,19-10-30 16:00
https://117.69.200.182:9999,9999,安徽淮北,高匿,HTTPS,19-10-30 16:00
https://113.120.33.5:9999,9999,山东济南,高匿,HTTPS,19-10-30 16:00
https://117.95.199.98:9999,9999,江苏宿迁,高匿,HTTPS,19-10-30 16:00
https://183.166.138.175:9999,9999,安徽合肥,高匿,HTTP,19-10-30 15:20
https://121.205.15.18:9999,9999,福建泉州,高匿,HTTP,19-10-30 15:20
https://58.253.157.50:9999,9999,广东揭阳,高匿,HTTP,19-10-30 15:20
https://59.57.148.132:9999,9999,福建厦门,高匿,HTTP,19-10-30 15:20
https://49.70.89.241:9999,9999,江苏苏州,高匿,HTTP,19-10-30 15:20
https://182.35.80.24:9999,9999,山东泰安,高匿,HTTP,19-10-30 15:20
https://58.253.156.100:9999,9999,广东揭阳,高匿,HTTP,19-10-30 15:20
https://117.69.200.7:9999,9999,安徽淮北,高匿,HTTP,19-10-30 15:20
https://59.57.241.58:9999,9999,福建厦门,高匿,HTTP,19-10-30 15:20
https://49.70.89.141:9999,9999,江苏苏州,高匿,HTTPS,19-10-30 15:00
https://27.152.91.48:9999,9999,福建泉州,高匿,HTTPS,19-10-30 15:00
https://182.35.83.156:9999,9999,山东泰安,高匿,HTTP,19-10-30 14:20
https://114.239.254.253:49132,49132,江苏宿迁市泗阳县,高匿,HTTPS,19-10-30 14:20
https://117.69.200.246:36355,36355,安徽淮北,高匿,HTTPS,19-10-30 14:20
https://27.152.90.120:9999,9999,福建泉州,高匿,HTTP,19-10-30 14:20
https://59.57.148.87:9999,9999,福建厦门,高匿,HTTPS,19-10-30 14:20
https://27.152.91.169:9999,9999,福建泉州,高匿,HTTP,19-10-30 14:20
https://117.69.201.139:9999,9999,安徽淮北,高匿,HTTP,19-10-30 14:20
https://183.164.238.250:9999,9999,安徽宿州,高匿,HTTPS,19-10-30 14:00
https://183.166.86.59:9999,9999,安徽淮南,高匿,HTTPS,19-10-30 14:00
https://117.69.201.103:9999,9999,安徽淮北,高匿,HTTPS,19-10-30 14:00
https://114.239.251.208:9999,9999,江苏宿迁市泗阳县,高匿,HTTP,19-10-30 13:20
https://171.35.175.223:9999,9999,江西,高匿,HTTP,19-10-30 13:20
https://114.239.149.228:808,808,江苏宿迁市泗阳县,高匿,HTTP,19-10-30 13:20
https://117.95.199.80:9999,9999,江苏宿迁,高匿,HTTP,19-10-30 13:20
https://117.95.195.211:9999,9999,江苏宿迁,高匿,HTTP,19-10-30 13:20
https://114.239.248.102:9999,9999,江苏宿迁市泗阳县,高匿,HTTPS,19-10-30 13:20
https://27.152.90.178:9999,9999,福建泉州,高匿,HTTP,19-10-30 13:20
https://180.122.145.105:36938,36938,江苏泰州,高匿,HTTPS,19-10-30 13:20
https://113.195.17.47:9999,9999,江西赣州,高匿,HTTP,19-10-30 13:20
https://27.152.90.65:9999,9999,福建泉州,高匿,HTTP,19-10-30 13:20
https://175.44.109.7:9999,9999,福建,高匿,HTTP,19-10-30 12:20
https://27.152.90.116:9999,9999,福建泉州,高匿,HTTP,19-10-30 12:20
https://106.14.206.26:8118,8118,null,高匿,HTTP,19-10-30 12:20
https://182.35.81.157:9999,9999,山东泰安,高匿,HTTP,19-10-30 12:20
https://117.95.199.207:9999,9999,江苏宿迁,高匿,HTTP,19-10-30 12:20
https://27.152.91.138:9999,9999,福建泉州,高匿,HTTPS,19-10-30 12:00
https://117.95.192.2:9999,9999,江苏宿迁,高匿,HTTPS,19-10-30 12:00
https://117.95.201.62:9999,9999,江苏宿迁,高匿,HTTP,19-10-30 11:20
https://183.164.238.215:9999,9999,安徽宿州,高匿,HTTP,19-10-30 11:20
https://114.239.148.94:9999,9999,江苏宿迁市泗阳县,高匿,HTTP,19-10-30 11:20
https://117.57.91.101:46582,46582,安徽淮北,高匿,HTTP,19-10-30 11:20
https://117.30.113.31:9999,9999,福建,高匿,HTTP,19-10-30 11:20
https://183.166.119.99:9999,9999,安徽淮南,高匿,HTTP,19-10-30 11:20
https://123.160.68.90:9999,9999,河南郑州,高匿,HTTPS,19-10-30 11:00
https://59.57.149.128:9999,9999,福建厦门,高匿,HTTPS,19-10-30 11:00
https://183.166.118.125:9999,9999,安徽淮南,高匿,HTTPS,19-10-30 11:00
https://123.169.100.110:9999,9999,山东淄博,高匿,HTTPS,19-10-30 11:00
https://117.69.201.136:9999,9999,安徽淮北,高匿,HTTP,19-10-30 10:20
https://27.152.90.106:9999,9999,福建泉州,高匿,HTTP,19-10-30 10:20
https://183.164.238.27:9999,9999,安徽宿州,高匿,HTTP,19-10-30 10:20
https://182.35.83.150:9999,9999,山东泰安,高匿,HTTP,19-10-30 10:20
https://117.91.132.87:9999,9999,江苏扬州,高匿,HTTP,19-10-30 10:20
https://113.124.94.192:9999,9999,山东烟台,高匿,HTTPS,19-10-30 10:00
https://27.152.90.145:9999,9999,福建泉州,高匿,HTTPS,19-10-30 10:00
https://27.152.91.63:9999,9999,福建泉州,高匿,HTTPS,19-10-30 10:00
https://117.69.200.69:9999,9999,安徽淮北,高匿,HTTP,19-10-30 09:20
https://144.123.70.18:9999,9999,山东,高匿,HTTP,19-10-30 09:20
https://114.239.151.211:808,808,江苏宿迁市泗阳县,高匿,HTTPS,19-10-30 09:20
https://222.190.222.211:22971,22971,江苏泰州,高匿,HTTPS,19-10-30 09:20
https://182.35.83.170:9999,9999,山东泰安,高匿,HTTPS,19-10-30 09:20
https://117.69.200.156:22732,22732,安徽淮北,高匿,HTTPS,19-10-30 09:20
https://114.239.252.105:9999,9999,江苏宿迁市泗阳县,高匿,HTTP,19-10-30 09:20
https://117.28.97.111:9999,9999,福建泉州,高匿,HTTP,19-10-30 09:20
https://183.164.238.209:9999,9999,安徽宿州,高匿,HTTP,19-10-30 09:20
https://171.35.167.103:9999,9999,江西,高匿,HTTPS,19-10-30 09:00
https://114.239.250.206:9999,9999,江苏宿迁市泗阳县,高匿,HTTPS,19-10-30 09:00
https://117.30.112.33:9999,9999,福建,高匿,HTTP,19-10-30 09:00
https://27.152.90.78:9999,9999,福建泉州,高匿,HTTPS,19-10-30 09:00
https://59.57.38.192:9999,9999,福建泉州,高匿,HTTP,19-10-30 08:20
https://117.69.24.252:9999,9999,安徽淮南,高匿,HTTP,19-10-30 08:20
https://117.95.162.52:9999,9999,江苏宿迁,高匿,HTTPS,19-10-30 08:20
https://59.57.149.79:9999,9999,福建厦门,高匿,HTTPS,19-10-30 08:20
https://117.57.90.29:9999,9999,安徽淮北,高匿,HTTP,19-10-30 08:20
https://117.69.201.90:9999,9999,安徽淮北,高匿,HTTP,19-10-30 08:20
https://114.239.250.49:808,808,江苏宿迁市泗阳县,高匿,HTTPS,19-10-30 08:20
https://120.83.106.173:9999,9999,广东揭阳,高匿,HTTP,19-10-30 08:20
https://117.30.113.215:9999,9999,福建,高匿,HTTPS,19-10-30 08:00
https://125.78.17.160:9999,9999,福建泉州,高匿,HTTPS,19-10-30 08:00
https://117.28.97.21:9999,9999,福建泉州,高匿,HTTPS,19-10-30 08:00
https://27.152.91.1:9999,9999,福建泉州,高匿,HTTPS,19-10-30 08:00
https://115.211.229.121:9999,9999,浙江金华,高匿,HTTP,19-10-30 07:20
https://106.110.195.83:9999,9999,广东,高匿,HTTP,19-10-30 07:20
https://113.121.22.121:9999,9999,山东,高匿,HTTP,19-10-30 07:20
https://115.210.71.56:9999,9999,浙江金华,高匿,HTTP,19-10-30 07:20
https://117.95.174.172:9999,9999,江苏宿迁,高匿,HTTP,19-10-30 07:20
https://183.164.238.75:35769,35769,安徽宿州,高匿,HTTPS,19-10-30 07:20
https://117.69.201.37:9999,9999,安徽淮北,高匿,HTTPS,19-10-30 07:20
https://183.164.239.221:9999,9999,安徽宿州,高匿,HTTP,19-10-30 07:20
https://49.70.89.87:9999,9999,江苏苏州,高匿,HTTP,19-10-30 07:20
https://49.70.89.138:9999,9999,江苏苏州,高匿,HTTP,19-10-30 07:20
https://49.89.86.195:9999,9999,江苏宿迁,高匿,HTTP,19-10-30 07:20
https://121.205.13.183:9999,9999,福建泉州,高匿,HTTPS,19-10-30 07:00
https://140.237.115.219:9999,9999,null,高匿,HTTPS,19-10-30 07:00
https://61.145.48.148:9999,9999,广东江门,高匿,HTTPS,19-10-30 07:00
https://121.205.15.194:9999,9999,福建泉州,高匿,HTTP,19-10-30 06:22
https://117.88.177.193:3000,3000,江苏南京,高匿,HTTP,19-10-30 06:22
https://101.132.35.44:5739,5739,北京,高匿,HTTPS,19-10-30 06:00
https://117.26.44.87:9999,9999,福建泉州市晋江,高匿,HTTPS,19-10-30 06:00
https://101.132.33.131:5739,5739,北京,高匿,HTTPS,19-10-30 06:00
https://117.57.91.228:9999,9999,安徽淮北,高匿,HTTPS,19-10-30 06:00
https://27.43.188.89:9999,9999,广东梅州,高匿,HTTP,19-10-30 06:00
https://171.35.223.172:9999,9999,江西,高匿,HTTPS,19-10-30 06:00
https://183.164.239.200:9999,9999,安徽宿州,高匿,HTTPS,19-10-30 06:00
https://101.132.47.140:5739,5739,北京,高匿,HTTPS,19-10-30 06:00
https://182.35.85.25:9999,9999,山东泰安,高匿,HTTPS,19-10-30 06:00
https://182.34.33.88:9999,9999,山东烟台,高匿,HTTP,19-10-30 05:20
https://114.239.42.47:9999,9999,江苏宿迁,高匿,HTTP,19-10-30 05:20
https://27.152.90.249:9999,9999,福建泉州,高匿,HTTP,19-10-30 05:20
https://27.152.91.127:9999,9999,福建泉州,高匿,HTTP,19-10-30 05:20
https://117.30.112.108:9999,9999,福建,高匿,HTTP,19-10-30 05:20
https://110.243.30.34:9999,9999,河北唐山,高匿,HTTP,19-10-30 05:20
https://117.95.174.130:9999,9999,江苏宿迁,高匿,HTTP,19-10-30 05:20
https://117.88.176.66:3000,3000,江苏南京,高匿,HTTP,19-10-30 05:20
https://117.88.176.242:3000,3000,江苏南京,高匿,HTTP,19-10-30 05:20
https://117.88.5.220:3000,3000,江苏南京,高匿,HTTP,19-10-30 05:20
https://117.88.176.63:3000,3000,江苏南京,高匿,HTTPS,19-10-30 05:00
https://117.88.5.155:3000,3000,江苏南京,高匿,HTTPS,19-10-30 05:00
https://117.88.177.47:3000,3000,江苏南京,高匿,HTTPS,19-10-30 05:00
https://117.88.4.178:3000,3000,江苏南京,高匿,HTTPS,19-10-30 05:00
https://222.186.175.104:8080,8080,江苏镇江,高匿,HTTPS,19-10-30 04:21
https://124.93.201.59:59618,59618,辽宁大连,高匿,HTTPS,19-10-30 04:21
https://218.75.69.50:39590,39590,浙江杭州,高匿,HTTPS,19-10-30 04:20
https://60.190.250.120:8080,8080,浙江杭州,高匿,HTTPS,19-10-30 04:20
https://171.13.102.69:9999,9999,河南,高匿,HTTPS,19-10-30 04:00
https://123.101.212.55:9999,9999,河南郑州,高匿,HTTPS,19-10-30 04:00
https://113.124.87.9:61234,61234,山东烟台,高匿,HTTP,19-10-30 04:00
https://118.78.196.249:8118,8118,山西运城,高匿,HTTPS,19-10-30 04:00
https://117.69.201.127:9999,9999,安徽淮北,高匿,HTTP,19-10-30 03:20
https://42.55.252.208:1133,1133,辽宁,高匿,HTTP,19-10-30 03:20
https://117.69.200.160:9999,9999,安徽淮北,高匿,HTTP,19-10-30 03:20
https://1.197.16.67:9999,9999,河南许昌,高匿,HTTPS,19-10-30 03:00
https://171.13.201.68:9999,9999,河南,高匿,HTTPS,19-10-30 03:00
https://123.163.97.206:9999,9999,河南洛阳,高匿,HTTP,19-10-30 02:00
https://101.132.44.54:5739,5739,北京,高匿,HTTP,19-10-30 01:20
https://101.132.38.65:5739,5739,北京,高匿,HTTP,19-10-30 01:20
https://101.132.33.88:5739,5739,北京,高匿,HTTP,19-10-30 01:20
https://101.132.33.138:5739,5739,北京,高匿,HTTP,19-10-30 01:20
https://101.132.46.237:5739,5739,北京,高匿,HTTP,19-10-30 01:20
https://175.155.143.120:1133,1133,四川德阳,高匿,HTTPS,19-10-30 01:20
https://175.42.123.151:9999,9999,福建宁德,高匿,HTTP,19-10-30 01:20
https://101.132.45.64:5739,5739,北京,高匿,HTTP,19-10-30 01:20
https://183.164.238.2:47923,47923,安徽宿州,高匿,HTTP,19-10-30 01:00
https://1.197.16.129:9999,9999,河南许昌,高匿,HTTP,19-10-30 01:00
https://175.148.75.82:1133,1133,辽宁葫芦岛,高匿,HTTPS,19-10-30 01:00
https://123.169.121.114:9999,9999,山东淄博,高匿,HTTP,19-10-30 00:20
https://122.4.49.186:9999,9999,山东济南,高匿,HTTP,19-10-30 00:20
https://171.11.178.78:9999,9999,河南,高匿,HTTP,19-10-30 00:20
https://182.34.18.141:9999,9999,山东烟台,高匿,HTTPS,19-10-30 00:00
https://123.169.169.121:9999,9999,山东德州,高匿,HTTPS,19-10-30 00:00
https://171.35.170.3:9999,9999,江西,高匿,HTTPS,19-10-30 00:00
https://110.243.25.241:9999,9999,河北唐山,高匿,HTTPS,19-10-30 00:00
https://171.11.28.86:9999,9999,河南,高匿,HTTPS,19-10-30 00:00
https://121.226.214.94:9999,9999,江苏连云港,高匿,HTTP,19-10-29 23:20
https://106.110.212.27:9999,9999,广东,高匿,HTTPS,19-10-29 23:00
https://27.152.90.108:9999,9999,福建泉州,高匿,HTTPS,19-10-29 23:00
https://183.164.239.169:9999,9999,安徽宿州,高匿,HTTP,19-10-29 22:20
https://182.34.33.196:9999,9999,山东烟台,高匿,HTTP,19-10-29 22:20
https://117.95.199.209:9999,9999,江苏宿迁,高匿,HTTP,19-10-29 22:20
https://114.239.251.179:9999,9999,江苏宿迁市泗阳县,高匿,HTTP,19-10-29 22:20
https://120.83.106.235:9999,9999,广东揭阳,高匿,HTTP,19-10-29 22:20
https://117.57.91.26:9999,9999,安徽淮北,高匿,HTTP,19-10-29 22:20
https://121.226.188.51:9999,9999,江苏,高匿,HTTP,19-10-29 22:20
https://180.123.235.100:9999,9999,江苏徐州,高匿,HTTP,19-10-29 22:20
https://117.95.175.181:9999,9999,江苏宿迁,高匿,HTTPS,19-10-29 22:00
https://117.95.198.226:9999,9999,江苏宿迁,高匿,HTTP,19-10-29 21:20
https://36.25.42.244:9999,9999,浙江,高匿,HTTP,19-10-29 21:20
https://180.122.145.91:9999,9999,江苏泰州,高匿,HTTP,19-10-29 21:20
https://114.239.146.193:808,808,江苏宿迁市泗阳县,高匿,HTTPS,19-10-29 21:20
https://114.239.149.57:808,808,江苏宿迁市泗阳县,高匿,HTTP,19-10-29 21:20
https://117.69.201.101:9999,9999,安徽淮北,高匿,HTTPS,19-10-29 21:20
https://121.226.188.116:9999,9999,江苏,高匿,HTTP,19-10-29 21:20
https://122.4.49.101:9999,9999,山东济南,高匿,HTTP,19-10-29 21:20
https://27.152.91.99:9999,9999,福建泉州,高匿,HTTP,19-10-29 21:20
https://123.54.47.220:9999,9999,河南商丘,高匿,HTTP,19-10-29 21:20
https://1.197.203.54:9999,9999,河南济源,高匿,HTTPS,19-10-29 21:20
https://49.89.103.145:9999,9999,江苏宿迁,高匿,HTTPS,19-10-29 21:00
https://182.35.87.195:9999,9999,山东泰安,高匿,HTTPS,19-10-29 21:00
https://117.28.96.166:9999,9999,福建泉州,高匿,HTTPS,19-10-29 21:00
https://117.95.201.108:9999,9999,江苏宿迁,高匿,HTTP,19-10-29 20:21
https://120.83.110.49:9999,9999,广东揭阳市普宁,高匿,HTTP,19-10-29 20:21
https://1.198.72.187:9999,9999,河南,高匿,HTTP,19-10-29 20:20
https://113.128.28.65:9999,9999,山东济南,高匿,HTTP,19-10-29 20:20
https://114.239.252.140:9999,9999,江苏宿迁市泗阳县,高匿,HTTP,19-10-29 20:20
https://114.239.150.25:9999,9999,江苏宿迁市泗阳县,高匿,HTTP,19-10-29 20:20
https://117.69.201.33:9999,9999,安徽淮北,高匿,HTTP,19-10-29 20:20
https://117.57.90.101:9999,9999,安徽淮北,高匿,HTTP,19-10-29 20:20
https://61.145.49.237:9999,9999,广东江门,高匿,HTTPS,19-10-29 20:00
https://101.132.41.148:5739,5739,北京,高匿,HTTPS,19-10-29 20:00
https://182.35.81.197:8118,8118,山东泰安,高匿,HTTP,19-10-29 20:00
https://27.152.91.209:9999,9999,福建泉州,高匿,HTTPS,19-10-29 19:20
https://59.57.148.124:9999,9999,福建厦门,高匿,HTTP,19-10-29 19:20
https://120.83.104.201:9999,9999,广东揭阳,高匿,HTTP,19-10-29 19:20
https://120.83.111.229:9999,9999,广东揭阳市普宁,高匿,HTTPS,19-10-29 19:20
https://117.69.200.227:31823,31823,安徽淮北,高匿,HTTPS,19-10-29 19:20
https://114.239.255.153:9999,9999,江苏宿迁市泗阳县,高匿,HTTP,19-10-29 19:20
https://114.239.146.106:808,808,江苏宿迁市泗阳县,高匿,HTTP,19-10-29 19:20
https://59.57.38.24:9999,9999,福建泉州,高匿,HTTP,19-10-29 19:20
https://117.57.90.83:9999,9999,安徽淮北,高匿,HTTP,19-10-29 19:20
https://114.239.248.169:9999,9999,江苏宿迁市泗阳县,高匿,HTTPS,19-10-29 19:00
https://59.57.38.222:9999,9999,福建泉州,高匿,HTTPS,19-10-29 19:00
https://49.70.89.225:9999,9999,江苏苏州,高匿,HTTPS,19-10-29 19:00
https://183.166.97.81:9999,9999,安徽淮南,高匿,HTTP,19-10-29 18:20
https://117.30.113.146:9999,9999,福建,高匿,HTTP,19-10-29 18:20
https://27.152.91.232:9999,9999,福建泉州,高匿,HTTP,19-10-29 18:20
https://114.239.150.59:808,808,江苏宿迁市泗阳县,高匿,HTTPS,19-10-29 18:20
https://175.43.34.39:9999,9999,福建泉州,高匿,HTTP,19-10-29 18:20
https://36.25.42.204:9999,9999,浙江,高匿,HTTP,19-10-29 18:20
https://118.212.105.1:9999,9999,江西赣州,高匿,HTTP,19-10-29 18:20
https://113.128.25.208:9999,9999,山东济南,高匿,HTTP,19-10-29 18:20
https://171.35.167.142:9999,9999,江西,高匿,HTTPS,19-10-29 18:00
https://106.110.212.125:9999,9999,广东,高匿,HTTPS,19-10-29 18:00
https://59.57.149.229:9999,9999,福建厦门,高匿,HTTPS,19-10-29 18:00
https://171.13.201.22:9999,9999,河南,高匿,HTTPS,19-10-29 18:00
https://106.110.212.126:9999,9999,广东,高匿,HTTP,19-10-29 17:21
https://117.30.113.38:9999,9999,福建,高匿,HTTP,19-10-29 17:21
https://182.35.86.48:9999,9999,山东泰安,高匿,HTTPS,19-10-29 17:20
https://183.166.70.247:9999,9999,安徽淮南,高匿,HTTP,19-10-29 17:20
https://117.57.91.179:9999,9999,安徽淮北,高匿,HTTP,19-10-29 17:20
https://182.35.82.155:9999,9999,山东泰安市肥城,高匿,HTTP,19-10-29 17:20
https://114.239.42.50:9999,9999,江苏宿迁,高匿,HTTPS,19-10-29 17:00
https://180.123.15.110:9999,9999,江苏徐州,高匿,HTTPS,19-10-29 17:00
https://113.194.30.230:9999,9999,江西,高匿,HTTPS,19-10-29 17:00
https://118.212.105.142:9999,9999,江西赣州,高匿,HTTPS,19-10-29 17:00
https://182.35.85.213:9999,9999,山东泰安,高匿,HTTPS,19-10-29 17:00
https://222.189.144.253:9999,9999,江苏扬州,高匿,HTTPS,19-10-29 16:21
https://27.152.91.217:9999,9999,福建泉州,高匿,HTTP,19-10-29 16:20
https://117.57.90.153:9999,9999,安徽淮北,高匿,HTTPS,19-10-29 16:20
https://120.83.107.184:9999,9999,广东揭阳市普宁,高匿,HTTP,19-10-29 16:20
https://117.57.90.96:9999,9999,安徽淮北,高匿,HTTP,19-10-29 16:20
https://61.145.8.239:9999,9999,广东江门,高匿,HTTP,19-10-29 16:20
https://1.197.16.170:9999,9999,河南许昌,高匿,HTTPS,19-10-29 16:20
https://123.163.97.13:9999,9999,河南洛阳,高匿,HTTPS,19-10-29 16:00
https://27.152.90.62:9999,9999,福建泉州,高匿,HTTP,19-10-29 15:21
https://123.169.100.214:9999,9999,山东淄博,高匿,HTTP,19-10-29 15:20
https://27.152.91.160:9999,9999,福建泉州,高匿,HTTPS,19-10-29 15:20
https://171.35.169.181:9999,9999,江西,高匿,HTTP,19-10-29 15:20
https://113.120.62.205:9999,9999,山东济南,高匿,HTTP,19-10-29 15:20
https://183.164.238.115:9999,9999,安徽宿州,高匿,HTTP,19-10-29 15:00
https://59.57.148.240:9999,9999,福建厦门,高匿,HTTPS,19-10-29 15:00
https://27.152.90.188:9999,9999,福建泉州,高匿,HTTPS,19-10-29 15:00
https://59.57.38.231:9999,9999,福建泉州,高匿,HTTPS,19-10-29 15:00
https://114.239.0.48:808,808,江苏宿迁,高匿,HTTPS,19-10-29 14:21
https://117.69.200.247:9999,9999,安徽淮北,高匿,HTTP,19-10-29 14:20
https://120.83.106.216:9999,9999,广东揭阳,高匿,HTTPS,19-10-29 14:20
https://183.166.71.227:9999,9999,安徽淮南,高匿,HTTP,19-10-29 14:20
https://183.166.118.160:9999,9999,安徽淮南,高匿,HTTP,19-10-29 14:20
https://1.198.73.77:9999,9999,河南,高匿,HTTP,19-10-29 14:00
https://59.57.149.88:9999,9999,福建厦门,高匿,HTTPS,19-10-29 14:00
https://182.35.80.136:9999,9999,山东泰安,高匿,HTTP,19-10-29 13:20
https://117.95.232.179:9999,9999,江苏宿迁,高匿,HTTP,19-10-29 13:20
https://183.164.239.74:9999,9999,安徽宿州,高匿,HTTP,19-10-29 13:20
https://117.57.90.65:29609,29609,安徽淮北,高匿,HTTPS,19-10-29 13:20
https://183.164.239.209:9999,9999,安徽宿州,高匿,HTTP,19-10-29 13:20
https://117.69.201.247:9999,9999,安徽淮北,高匿,HTTP,19-10-29 13:20
https://27.152.90.22:9999,9999,福建泉州,高匿,HTTPS,19-10-29 13:20
https://114.239.42.225:9999,9999,江苏宿迁,高匿,HTTPS,19-10-29 13:00
https://117.69.200.144:9999,9999,安徽淮北,高匿,HTTP,19-10-29 13:00
https://183.166.118.159:9999,9999,安徽淮南,高匿,HTTPS,19-10-29 13:00
https://114.239.110.81:9999,9999,江苏宿迁,高匿,HTTP,19-10-29 12:20
https://117.69.200.196:9999,9999,安徽淮北,高匿,HTTP,19-10-29 12:20
https://117.30.112.77:44371,44371,福建,高匿,HTTPS,19-10-29 12:20
https://114.239.248.225:9999,9999,江苏宿迁市泗阳县,高匿,HTTPS,19-10-29 12:20
https://59.57.38.237:9999,9999,福建泉州,高匿,HTTP,19-10-29 12:20
https://117.30.112.39:9999,9999,福建,高匿,HTTP,19-10-29 12:20
https://117.57.91.201:9999,9999,安徽淮北,高匿,HTTPS,19-10-29 12:20
https://117.69.200.121:35942,35942,安徽淮北,高匿,HTTPS,19-10-29 12:20
https://114.239.151.110:9999,9999,江苏宿迁市泗阳县,高匿,HTTPS,19-10-29 12:00
https://114.239.251.210:9999,9999,江苏宿迁市泗阳县,高匿,HTTPS,19-10-29 12:00
https://113.194.28.239:9999,9999,江西,高匿,HTTP,19-10-29 11:20
https://117.57.90.135:9999,9999,安徽淮北,高匿,HTTP,19-10-29 11:20
https://117.69.200.250:9999,9999,安徽淮北,高匿,HTTP,19-10-29 11:20
https://218.14.143.53:9999,9999,广东江门市新会区,高匿,HTTP,19-10-29 11:20
https://117.69.200.242:9999,9999,安徽淮北,高匿,HTTP,19-10-29 11:20
https://182.35.86.178:9999,9999,山东泰安,高匿,HTTP,19-10-29 11:20
https://58.253.153.38:9999,9999,广东揭阳,高匿,HTTPS,19-10-29 11:00
https://171.35.161.119:9999,9999,江西,高匿,HTTPS,19-10-29 11:00
https://113.121.20.180:9999,9999,山东烟台市莱阳,高匿,HTTP,19-10-29 11:00
https://114.239.249.0:9999,9999,江苏宿迁市泗阳县,高匿,HTTP,19-10-29 11:00
https://27.43.188.208:9999,9999,广东梅州,高匿,HTTP,19-10-29 10:21
https://117.95.200.180:9999,9999,江苏宿迁,高匿,HTTP,19-10-29 10:20
https://113.120.32.187:9999,9999,山东济南,高匿,HTTP,19-10-29 10:20
https://49.70.89.115:9999,9999,江苏苏州,高匿,HTTPS,19-10-29 10:00
https://27.43.184.161:9999,9999,广东梅州,高匿,HTTP,19-10-29 10:00
https://114.239.151.206:808,808,江苏宿迁市泗阳县,高匿,HTTP,19-10-29 10:00
https://117.28.96.85:9999,9999,福建泉州,高匿,HTTP,19-10-29 09:20
https://171.35.169.62:9999,9999,江西,高匿,HTTP,19-10-29 09:20
https://27.152.8.96:9999,9999,福建泉州,高匿,HTTP,19-10-29 09:20
https://183.164.239.47:9999,9999,安徽宿州,高匿,HTTPS,19-10-29 09:20
https://183.164.238.213:9999,9999,安徽宿州,高匿,HTTP,19-10-29 09:20
https://117.28.96.76:9999,9999,福建泉州,高匿,HTTP,19-10-29 09:20
https://221.1.200.242:38652,38652,山东菏泽,高匿,HTTPS,19-10-29 09:00
https://113.195.168.253:9999,9999,江西赣州,高匿,HTTPS,19-10-29 09:00
https://27.152.90.118:9999,9999,福建泉州,高匿,HTTPS,19-10-29 09:00
https://222.190.198.205:9999,9999,江苏泰州,高匿,HTTPS,19-10-29 09:00
https://182.35.85.126:9999,9999,山东泰安,高匿,HTTPS,19-10-29 09:00
https://117.26.44.21:9999,9999,福建泉州市晋江,高匿,HTTPS,19-10-29 09:00
https://106.111.9.18:9999,9999,广东,高匿,HTTP,19-10-29 08:20
https://114.239.146.154:808,808,江苏宿迁市泗阳县,高匿,HTTP,19-10-29 08:20
